drug,drug_class,target,activity,activity_recoded,ki_lower_nm,ki_upper_nm,modelled_ki_nm,ki_is_range,log10_ki_nm,pKi,source_url,evidence_note,last_verified_at
Citalopram,SSRI,SERT,Inhibitor,Antagonist,,1.6,1.6,False,0.204119982655925,8.79588001734408,https://www.guidetopharmacology.org/GRAC/LigandDisplayForward?ligandId=7547,Curated GtoPdb record identifies citalopram/escitalopram pharmacology as SSRI activity at the serotonin transporter. The supporting summary is mechanism-focused and does not provide one receptor-specific functional assay setup on the page.,2026-04-16
Citalopram,SSRI,5-HT2C,,,,617,617,False,2.79028516403324,6.20971483596676,https://www.bindingdb.org/rwd/jsp/dbsearch/Summary_ki.jsp?energyterm=kJ%2Fmole&entryid=5375&icunit=nM&ki_result_id=184154&kiunit=nM&reactant_set_id=184155,"BindingDB PDSP-curated 5-HT2C (pig) entries for Citalopram report Ki values of 2051 nM and 2531 nM (see also ki_result_id=184155), which do not match this row's current modelled Ki of 617 nM. Retained as a flagged discrepancy pending source harmonisation.",2026-04-16
Citalopram,SSRI,NET,,,,6190,6190,False,3.79169064902012,5.20830935097988,https://www.bindingdb.org/rwd/jsp/dbsearch/Summary_ki.jsp?energyterm=kJ%2Fmole&entryid=5375&icunit=nM&ki_result_id=184202&kiunit=nM&reactant_set_id=184203,"BindingDB PDSP-curated entry reports Citalopram Ki = 6190 nM at human sodium-dependent noradrenaline transporter (NET), matching this row's modelled Ki value. Citation shown on the record: Owens JM et al., Encephale 2002 (PMID 12232544).",2026-04-16
Citalopram,SSRI,α1,,,,1211,1211,False,3.08314414314305,5.91685585685695,https://www.bindingdb.org/rwd/jsp/dbsearch/Summary_ki.jsp?energyterm=kJ%2Fmole&entryid=5375&icunit=nM&ki_result_id=184162&kiunit=nM&reactant_set_id=184163,"BindingDB PDSP-curated entry reports Citalopram Ki = 1211 nM at human alpha-1A adrenergic receptor, which is used here as support for the α1 family-level row. Citation shown on the record: Owens JM et al., Encephale 2002 (PMID 12232544).",2026-04-16
Citalopram,SSRI,M1,,,,1430,1430,False,3.15533603746506,5.84466396253494,https://www.bindingdb.org/rwd/jsp/dbsearch/Summary_ki.jsp?energyterm=kJ%2Fmole&entryid=5375&icunit=nM&ki_result_id=184170&kiunit=nM&reactant_set_id=184171,"BindingDB PDSP-curated entry reports Citalopram Ki = 1430 nM at human muscarinic acetylcholine receptor M1, matching this row's modelled Ki value. Citation shown on the record: Owens JM et al., Encephale 2002 (PMID 12232544).",2026-04-16
Citalopram,SSRI,H1,,,,283,283,False,2.45178643552429,6.54821356447571,https://www.bindingdb.org/rwd/jsp/dbsearch/Summary_ki.jsp?energyterm=kJ%2Fmole&entryid=5375&icunit=nM&ki_result_id=184194&kiunit=nM&reactant_set_id=184195,"BindingDB PDSP-curated entry reports Citalopram Ki = 283 nM at guinea pig histamine H1 receptor, matching this row's modelled Ki value. Citation shown on the record: Owens JM et al., Encephale 2002 (PMID 12232544).",2026-04-16
Escitalopram,SSRI,DAT,,,,27400,27400,False,4.43775056282039,4.56224943717961,,,2026-04-16
Escitalopram,SSRI,D2,,,,1000,1000,False,3,6,,,2026-04-16
Escitalopram,SSRI,SERT,Inhibitor,Antagonist,0.8,1.1,0.938083151964686,True,-0.0277586639249156,9.02775866392492,https://www.guidetopharmacology.org/GRAC/LigandDisplayForward?ligandId=7177,"Curated GtoPdb record identifies escitalopram as a selective serotonin reuptake inhibitor. The ligand page also notes SERT structural binding, the summary does not provide a single transporter assay system in the visible record.",2026-04-16
Escitalopram,SSRI,5-HT1A,,,1000,,1000,False,3,6,,,2026-04-16
Escitalopram,SSRI,5-HT2A,,,1000,,1000,False,3,6,,,2026-04-16
Escitalopram,SSRI,5-HT2C,,,,2500,2500,False,3.39794000867204,5.60205999132796,,,2026-04-16
Escitalopram,SSRI,NET,,,,7800,7800,False,3.89209460269048,5.10790539730952,,,2026-04-16
Escitalopram,SSRI,α1,,,,3900,3900,False,3.5910646070265,5.4089353929735,,,2026-04-16
Escitalopram,SSRI,α2,,,,1000,1000,False,3,6,,,2026-04-16
Escitalopram,SSRI,mACh,,,,1240,1240,False,3.09342168516224,5.90657831483777,,,2026-04-16
Escitalopram,SSRI,H1,,,,2000,2000,False,3.30102999566398,5.69897000433602,,,2026-04-16
Escitalopram,SSRI,hERG,,,,2600,2600,False,3.41497334797082,5.58502665202918,,,2026-04-16
Fluoxetine,SSRI,DAT,,,,4180,4180,False,3.62117628177504,5.37882371822496,,,2026-04-16
Fluoxetine,SSRI,SERT,Inhibitor,Antagonist,,1,1,False,0,9,https://www.guidetopharmacology.org/GRAC/LigandDisplayForward?ligandId=203,"Curated GtoPdb record identifies fluoxetine as an SSRI, supporting serotonin transporter inhibition. The page summarises curated pharmacology rather than one named transporter uptake assay.",2026-04-16
Fluoxetine,SSRI,5-HT1A,,,,32400,32400,False,4.51054501020661,4.48945498979339,,,2026-04-16
Fluoxetine,SSRI,5-HT2A,,,,147,147,False,2.16731733474818,6.83268266525182,,,2026-04-16
Fluoxetine,SSRI,5-HT2C,,,,112,112,False,2.04921802267018,6.95078197732982,,,2026-04-16
Fluoxetine,SSRI,NET,,,,660,660,False,2.81954393554187,6.18045606445813,,,2026-04-16
Fluoxetine,SSRI,α1,,,,3800,3800,False,3.57978359661681,5.42021640338319,,,2026-04-16
Fluoxetine,SSRI,M1,,,702,1030,850.329347958778,True,2.92958716841749,6.07041283158251,,,2026-04-16
Fluoxetine,SSRI,M2,,,,2700,2700,False,3.43136376415899,5.56863623584101,,,2026-04-16
Fluoxetine,SSRI,M3,,,,1000,1000,False,3,6,,,2026-04-16
Fluoxetine,SSRI,M4,,,,2900,2900,False,3.46239799789896,5.53760200210104,,,2026-04-16
Fluoxetine,SSRI,M5,,,,2700,2700,False,3.43136376415899,5.56863623584101,,,2026-04-16
Fluvoxamine,SSRI,SERT,Inhibitor,Antagonist,,2.5,2.5,False,0.397940008672038,8.60205999132796,https://www.guidetopharmacology.org/GRAC/LigandDisplayForward?ligandId=7189,"Curated GtoPdb record identifies fluvoxamine as an SSRI, supporting serotonin transporter inhibition. The ligand page is a curated summary and does not expose one specific human uptake assay in the snippet reviewed.",2026-04-16
Fluvoxamine,SSRI,5-HT2C,,,,5786,5786,False,3.76237842931196,5.23762157068804,,,2026-04-16
Fluvoxamine,SSRI,NET,,,,1427,1427,False,3.15442397311465,5.84557602688535,,,2026-04-16
Fluvoxamine,SSRI,α1,,,,36,36,False,1.55630250076729,7.44369749923271,,,2026-04-16
Fluvoxamine,SSRI,σ1,Agonist,Agonist,,36,36,False,1.55630250076729,7.44369749923271,https://www.guidetopharmacology.org/GRAC/LigandDisplayForward?ligandId=7189,"Fluvoxamine is widely recognised for high-affinity sigma-1 receptor agonism, but the GtoPdb page snippet reviewed focused on SSRI classification rather than assay detail. This label reflects curated consensus pharmacology with limited assay detail visible in the retrieved snippet.",2026-04-16
Paroxetine,SSRI,DAT,,,,490,490,False,2.69019608002851,6.30980391997149,,,2026-04-16
Paroxetine,SSRI,D2,,,,7700,7700,False,3.88649072517248,5.11350927482752,,,2026-04-16
Paroxetine,SSRI,SERT,Inhibitor,Antagonist,0.07,0.2,0.118321595661992,True,-0.926935982160881,9.92693598216088,https://www.guidetopharmacology.org/GRAC/LigandDisplayForward?ligandId=4790,"Curated GtoPdb record identifies paroxetine as a selective serotonin-reuptake inhibitor. The page also notes an X-ray structure of paroxetine bound to SERT, supporting direct transporter engagement.",2026-04-16
Paroxetine,SSRI,5-HT1A,,,,21200,21200,False,4.32633586092875,4.67366413907125,,,2026-04-16
Paroxetine,SSRI,5-HT2A,,,,6300,6300,False,3.79934054945358,5.20065945054642,,,2026-04-16
Paroxetine,SSRI,5-HT2C,,,,9000,9000,False,3.95424250943932,5.04575749056068,,,2026-04-16
Paroxetine,SSRI,NET,,,40,85,58.309518948453,True,1.76573945852113,7.23426054147887,,,2026-04-16
Paroxetine,SSRI,α1,,,1000,2700,1643.1676725155,True,3.21568188207949,5.78431811792051,,,2026-04-16
Paroxetine,SSRI,α2,,,,3900,3900,False,3.5910646070265,5.4089353929735,,,2026-04-16
Paroxetine,SSRI,M1,,,,72,72,False,1.85733249643127,7.14266750356873,,,2026-04-16
Paroxetine,SSRI,H1,,,13700,23700,18019.1564730428,True,4.25573445658326,4.74426554341675,,,2026-04-16
Sertraline,SSRI,DAT,Inhibitor,Antagonist,22,315,83.2466215530696,True,1.9203666173059,7.0796333826941,https://www.guidetopharmacology.org/GRAC/LigandDisplayForward?ligandId=4798,"Sertraline shows curated off-target dopamine transporter inhibition in pharmacology databases, but the reviewed GtoPdb snippet was not transporter-assay specific. This row is assigned as Inhibitor with moderate confidence rather than from a single displayed assay.",2026-04-16
Sertraline,SSRI,D2,,,,10700,10700,False,4.02938377768521,4.97061622231479,,,2026-04-16
Sertraline,SSRI,SERT,Inhibitor,Antagonist,0.15,3.3,0.703562363973514,True,-0.152697400533216,9.15269740053322,https://www.guidetopharmacology.org/GRAC/LigandDisplayForward?ligandId=4798,Curated GtoPdb record supports sertraline as an SSRI acting by serotonin transporter inhibition. The reviewed page is a curated ligand summary rather than one named uptake assay.,2026-04-16
Sertraline,SSRI,5-HT1A,,,35000,,35000,False,4.54406804435028,4.45593195564972,,,2026-04-16
Sertraline,SSRI,5-HT2A,,,,2207,2207,False,3.34380233316166,5.65619766683835,,,2026-04-16
Sertraline,SSRI,5-HT2C,,,,2298,2298,False,3.36135002435227,5.63864997564773,,,2026-04-16
Sertraline,SSRI,NET,,,420,925,623.297681689897,True,2.79469551156847,6.20530448843153,,,2026-04-16
Sertraline,SSRI,α1A,,,,1900,1900,False,3.27875360095283,5.72124639904717,,,2026-04-16
Sertraline,SSRI,α1B,,,,3500,3500,False,3.54406804435028,5.45593195564972,,,2026-04-16
Sertraline,SSRI,α1D,,,,2500,2500,False,3.39794000867204,5.60205999132796,,,2026-04-16
Sertraline,SSRI,α2,,,477,4100,1398.4634424968,True,3.14565111787993,5.85434888212008,,,2026-04-16
Sertraline,SSRI,mACh,,,427,2100,946.942448092808,True,2.97632358487947,6.02367641512053,,,2026-04-16
Sertraline,SSRI,H1,,,,24000,24000,False,4.38021124171161,4.61978875828839,,,2026-04-16
Sertraline,SSRI,σ1,,,32,57,42.7083130081252,True,1.6305124169962,7.3694875830038,,,2026-04-16
Sertraline,SSRI,σ2,,,,5297,5297,False,3.7240299729356,5.2759700270644,,,2026-04-16
Amitriptyline,Tricyclic,DAT,,,,3250,3250,False,3.51188336097887,5.48811663902113,,,2026-04-16
Amitriptyline,Tricyclic,D1,,,,89,89,False,1.94939000664491,7.05060999335509,,,2026-04-16
Amitriptyline,Tricyclic,D2,,,196,1460,534.939248887199,True,2.72830446357046,6.27169553642954,,,2026-04-16
Amitriptyline,Tricyclic,D3,,,,206,206,False,2.31386722036915,6.68613277963085,,,2026-04-16
Amitriptyline,Tricyclic,SERT,Inhibitor,Antagonist,2.8,36,10.0399203184089,True,1.00173026605475,7.99826973394525,https://www.ncbi.nlm.nih.gov/sites/books/NBK537225/,"StatPearls describes amitriptyline as blocking reuptake of both norepinephrine and serotonin, supporting transporter inhibition. The reviewed source is a mechanism summary rather than a single named human uptake assay.",2026-04-16
Amitriptyline,Tricyclic,5-HT1A,,,450,1800,900,True,2.95424250943932,6.04575749056068,,,2026-04-16
Amitriptyline,Tricyclic,5-HT2A,,,18,23,20.3469899493758,True,1.30850017056045,7.69149982943955,,,2026-04-16
Amitriptyline,Tricyclic,5-HT2B,,,,174,174,False,2.2405492482826,6.7594507517174,,,2026-04-16
Amitriptyline,Tricyclic,5-HT2C,,,4,8,5.65685424949238,True,0.752574989159953,8.24742501084005,,,2026-04-16
Amitriptyline,Tricyclic,5-HT3,,,,430,430,False,2.63346845557959,6.36653154442041,,,2026-04-16
Amitriptyline,Tricyclic,5-HT6,,,65,141,95.734006497169,True,1.98106623464912,7.01893376535088,,,2026-04-16
Amitriptyline,Tricyclic,5-HT7,,,92.8,123,106.838195417182,True,2.02872654382913,6.97127345617087,,,2026-04-16
Amitriptyline,Tricyclic,NET,Inhibitor,Antagonist,19,102,44.0227214061103,True,1.64367688635737,7.35632311364263,https://www.ncbi.nlm.nih.gov/sites/books/NBK537225/,"StatPearls describes amitriptyline as blocking reuptake of both norepinephrine and serotonin, supporting transporter inhibition. The reviewed source is a mechanism summary rather than a single named human uptake assay.",2026-04-16
Amitriptyline,Tricyclic,α1A,Antagonist,Antagonist,6.5,25,12.747548783982,True,1.10542668265745,7.89457331734255,https://www.ncbi.nlm.nih.gov/sites/books/NBK537225/,"StatPearls notes strong alpha-adrenergic receptor binding for amitriptyline, consistent with antiadrenergic antagonist activity seen with tertiary-amine TCAs. Subtype-specific assay details were not provided in the reviewed source.",2026-04-16
Amitriptyline,Tricyclic,α1B,Antagonist,Antagonist,600,1700,1009.95049383621,True,3.00430008588096,5.99569991411904,https://www.ncbi.nlm.nih.gov/sites/books/NBK537225/,"StatPearls notes strong alpha-adrenergic receptor binding for amitriptyline, consistent with antiadrenergic antagonist activity seen with tertiary-amine TCAs. Subtype-specific assay details were not provided in the reviewed source.",2026-04-16
Amitriptyline,Tricyclic,α1D,Antagonist,Antagonist,,560,560,False,2.7481880270062,6.2518119729938,https://www.ncbi.nlm.nih.gov/sites/books/NBK537225/,"StatPearls notes strong alpha-adrenergic receptor binding for amitriptyline, consistent with antiadrenergic antagonist activity seen with tertiary-amine TCAs. Subtype-specific assay details were not provided in the reviewed source.",2026-04-16
Amitriptyline,Tricyclic,α2,,,114,690,280.463901420486,True,2.44787697103686,6.55212302896314,,,2026-04-16
Amitriptyline,Tricyclic,α2A,,,,88,88,False,1.94448267215017,7.05551732784983,,,2026-04-16
Amitriptyline,Tricyclic,α2B,,,1000,,1000,False,3,6,,,2026-04-16
Amitriptyline,Tricyclic,α2C,,,,120,120,False,2.07918124604762,6.92081875395238,,,2026-04-16
Amitriptyline,Tricyclic,β,,,10000,,10000,False,4,5,,,2026-04-16
Amitriptyline,Tricyclic,M1,Antagonist,Antagonist,11,14.7,12.7161314872095,True,1.1043550099532,7.8956449900468,https://www.ncbi.nlm.nih.gov/sites/books/NBK537225/,"StatPearls states amitriptyline has strong binding affinity for muscarinic M1 receptors, supporting antimuscarinic antagonist activity. The source is a mechanism overview and does not give a single subtype-specific functional assay.",2026-04-16
Amitriptyline,Tricyclic,M2,,,,11.8,11.8,False,1.07188200730613,7.92811799269388,,,2026-04-16
Amitriptyline,Tricyclic,M3,,,12.8,39,22.3427840700303,True,1.34913728833718,7.65086271166282,,,2026-04-16
Amitriptyline,Tricyclic,M4,,,,7.2,7.2,False,0.857332496431269,8.14266750356873,,,2026-04-16
Amitriptyline,Tricyclic,M5,,,15.7,24,19.4113368936815,True,1.28805544706042,7.71194455293958,,,2026-04-16
Amitriptyline,Tricyclic,H1,Antagonist,Antagonist,0.5,1.1,0.741619848709566,True,-0.129818655252878,9.12981865525288,https://www.ncbi.nlm.nih.gov/sites/books/NBK537225/,"StatPearls states amitriptyline has strong binding affinity for histamine H1 receptors, consistent with antagonist pharmacology for this aminergic receptor class. The retrieved source summarises mechanism and adverse-effect pharmacology rather than one functional receptor assay.",2026-04-16
Amitriptyline,Tricyclic,H2,,,,66,66,False,1.81954393554187,7.18045606445813,,,2026-04-16
Amitriptyline,Tricyclic,H3,,,,75900,75900,False,4.88024177589548,4.11975822410452,,,2026-04-16
Amitriptyline,Tricyclic,H4,,,34,26300,945.621488757526,True,2.97571733276601,6.02428266723399,,,2026-04-16
Amitriptyline,Tricyclic,σ1,,,287,300,293.428015022424,True,2.46750157572683,6.53249842427317,,,2026-04-16
Amitriptyline,Tricyclic,hERG,,,,3260,3260,False,3.51321760006794,5.48678239993206,,,2026-04-16
Amitriptyline,Tricyclic,TrkA,,,,3000,3000,False,3.47712125471966,5.52287874528034,,,2026-04-16
Amitriptyline,Tricyclic,TrkB,,,,14000,14000,False,4.14612803567824,4.85387196432176,,,2026-04-16
Amoxapine,Tricyclic,DAT,,,,4310,4310,False,3.63447727016073,5.36552272983927,,,2026-04-16
Amoxapine,Tricyclic,D2,Antagonist,Antagonist,3.6,160,24,True,1.38021124171161,7.61978875828839,https://www.guidetopharmacology.org/GRAC/LigandDisplayForward?ligandId=201,"Amoxapine pharmacology includes dopamine D2 receptor antagonism, consistent with the antipsychotic activity of its metabolite profile. The retrieved GtoPdb snippet was sparse, so this assignment reflects established curated pharmacology with limited assay detail visible.",2026-04-16
Amoxapine,Tricyclic,D3,,,,11,11,False,1.04139268515823,7.95860731484178,,,2026-04-16
Amoxapine,Tricyclic,D4,,,2,40,8.94427190999916,True,0.951544993495972,8.04845500650403,,,2026-04-16
Amoxapine,Tricyclic,SERT,Inhibitor,Antagonist,,58,58,False,1.76342799356294,7.23657200643706,https://www.guidetopharmacology.org/GRAC/LigandDisplayForward?ligandId=201,Amoxapine is a tricyclic antidepressant with serotonin/norepinephrine reuptake inhibition reported in curated pharmacology sources. The reviewed snippet did not provide a single transporter assay system.,2026-04-16
Amoxapine,Tricyclic,5-HT2A,,,,0.5,0.5,False,-0.301029995663981,9.30102999566398,,,2026-04-16
Amoxapine,Tricyclic,5-HT2C,,,,2,2,False,0.301029995663981,8.69897000433602,,,2026-04-16
Amoxapine,Tricyclic,5-HT6,,,6,50,17.3205080756888,True,1.23856062735983,7.76143937264017,,,2026-04-16
Amoxapine,Tricyclic,5-HT7,,,,41,41,False,1.61278385671974,7.38721614328026,,,2026-04-16
Amoxapine,Tricyclic,NET,Inhibitor,Antagonist,,16,16,False,1.20411998265592,7.79588001734408,https://www.guidetopharmacology.org/GRAC/LigandDisplayForward?ligandId=201,Amoxapine is a tricyclic antidepressant with serotonin/norepinephrine reuptake inhibition reported in curated pharmacology sources. The reviewed snippet did not provide a single transporter assay system.,2026-04-16
Amoxapine,Tricyclic,α1,,,,50,50,False,1.69897000433602,7.30102999566398,,,2026-04-16
Amoxapine,Tricyclic,α2,,,,2600,2600,False,3.41497334797082,5.58502665202918,,,2026-04-16
Amoxapine,Tricyclic,mACh,,,,1000,1000,False,3,6,,,2026-04-16
Amoxapine,Tricyclic,H1,,,7.9,25,14.0534693225552,True,1.14778354998124,7.85221645001876,,,2026-04-16
Amoxapine,Tricyclic,H3,,,100000,,100000,False,5,4,,,2026-04-16
Amoxapine,Tricyclic,H4,,,,6310,6310,False,3.80002935924413,5.19997064075587,,,2026-04-16
Clomipramine,Tricyclic,DAT,,,2190,,2190,False,3.34044411484012,5.65955588515988,,,2026-04-16
Clomipramine,Tricyclic,D1,,,,219,219,False,2.34044411484012,6.65955588515988,,,2026-04-16
Clomipramine,Tricyclic,D2,,,77.6,190,121.424873893284,True,2.08430766110551,6.91569233889449,,,2026-04-16
Clomipramine,Tricyclic,D3,,,30,50.1,38.7685439499603,True,1.58847949029345,7.41152050970655,,,2026-04-16
Clomipramine,Tricyclic,SERT,Inhibitor,Antagonist,0.14,0.28,0.197989898732233,True,-0.703356966489771,9.70335696648977,https://www.guidetopharmacology.org/GRAC/LigandDisplayForward?ligandId=2398,"Clomipramine is a tricyclic antidepressant with well-established serotonin and norepinephrine reuptake inhibition, this row is assigned from curated drug-level pharmacology rather than a single assay shown in the retrieved snippet.",2026-04-16
Clomipramine,Tricyclic,5-HT1A,,,7000,,7000,False,3.84509804001426,5.15490195998574,,,2026-04-16
Clomipramine,Tricyclic,5-HT1D,,,10000,,10000,False,4,5,,,2026-04-16
Clomipramine,Tricyclic,5-HT2A,,,27,35.5,30.9596511608254,True,1.49079605860704,7.50920394139296,,,2026-04-16
Clomipramine,Tricyclic,5-HT2C,,,,64.6,64.6,False,1.81023251799508,7.18976748200492,,,2026-04-16
Clomipramine,Tricyclic,5-HT3,,,460,985,673.127031101857,True,2.82809703108959,6.17190296891041,,,2026-04-16
Clomipramine,Tricyclic,5-HT6,,,,53.8,53.8,False,1.73078227566639,7.26921772433361,,,2026-04-16
Clomipramine,Tricyclic,5-HT7,,,,127,127,False,2.10380372095596,6.89619627904404,,,2026-04-16
Clomipramine,Tricyclic,NET,Inhibitor,Antagonist,38,53.7,45.1730007858677,True,1.65487894115818,7.34512105884182,https://www.guidetopharmacology.org/GRAC/LigandDisplayForward?ligandId=2398,"Clomipramine is a tricyclic antidepressant with well-established serotonin and norepinephrine reuptake inhibition, this row is assigned from curated drug-level pharmacology rather than a single assay shown in the retrieved snippet.",2026-04-16
Clomipramine,Tricyclic,α1,,,3.2,38,11.0272390016722,True,1.04246678746836,7.95753321253164,,,2026-04-16
Clomipramine,Tricyclic,α2,,,525,3200,1296.14813968157,True,3.11265464086293,5.88734535913707,,,2026-04-16
Clomipramine,Tricyclic,β,,,,22000,22000,False,4.34242268082221,4.65757731917779,,,2026-04-16
Clomipramine,Tricyclic,mACh,,,,37,37,False,1.568201724067,7.43179827593301,,,2026-04-16
Clomipramine,Tricyclic,H1,,,13,31,20.0748598998847,True,1.30265252307055,7.69734747692945,,,2026-04-16
Clomipramine,Tricyclic,H2,,,,209,209,False,2.32014628611105,6.67985371388895,,,2026-04-16
Clomipramine,Tricyclic,H3,,,,9770,9770,False,3.98989456371877,5.01010543628123,,,2026-04-16
Clomipramine,Tricyclic,H4,,,,5750,5750,False,3.75966784468963,5.24033215531037,,,2026-04-16
Clomipramine,Tricyclic,σ1,,,,546,546,False,2.73719264270474,6.26280735729526,,,2026-04-16
Dosulepin,Tricyclic,DAT,,,,5310,5310,False,3.72509452108147,5.27490547891853,,,2026-04-16
Dosulepin,Tricyclic,SERT,Inhibitor,Antagonist,8.6,78,25.8998069490875,True,1.41329652696702,7.58670347303298,https://www.guidetopharmacology.org/GRAC/LigandDisplayForward?ligandId=7549&tab=clinical,"Curated GtoPdb comment describes dosulepin as an SNRI with anticholinergic, antihistamine and antiadrenergic effects. SERT was labelled Inhibitor from that curated mechanism summary.",2026-04-16
Dosulepin,Tricyclic,5-HT1A,,,,4004,4004,False,3.60249406880728,5.39750593119272,,,2026-04-16
Dosulepin,Tricyclic,5-HT2A,,,,152,152,False,2.18184358794477,6.81815641205523,,,2026-04-16
Dosulepin,Tricyclic,NET,Inhibitor,Antagonist,46,70,56.7450438364444,True,1.75392793584792,7.24607206415208,https://www.guidetopharmacology.org/GRAC/LigandDisplayForward?ligandId=7549&tab=clinical,"Curated GtoPdb comment describes dosulepin as an SNRI with anticholinergic, antihistamine and antiadrenergic effects. NET was labelled Inhibitor from that curated mechanism summary.",2026-04-16
Dosulepin,Tricyclic,α1,Antagonist,Antagonist,,419,419,False,2.6222140229663,6.37778597703371,https://www.guidetopharmacology.org/GRAC/LigandDisplayForward?ligandId=7549&tab=clinical,"Curated GtoPdb comment states dosulepin has antiadrenergic effects, supporting adrenergic receptor antagonism. The summary does not provide subtype-specific assay detail.",2026-04-16
Dosulepin,Tricyclic,α2,,,,2400,2400,False,3.38021124171161,5.61978875828839,,,2026-04-16
Dosulepin,Tricyclic,M1,Antagonist,Antagonist,,18,18,False,1.25527250510331,7.74472749489669,https://www.guidetopharmacology.org/GRAC/LigandDisplayForward?ligandId=7549&tab=clinical,"Curated GtoPdb comment states dosulepin has anticholinergic effects, supporting muscarinic receptor antagonism. Subtype-specific assay detail was not visible in the retrieved summary.",2026-04-16
Dosulepin,Tricyclic,M2,Antagonist,Antagonist,,109,109,False,2.03742649794062,6.96257350205938,https://www.guidetopharmacology.org/GRAC/LigandDisplayForward?ligandId=7549&tab=clinical,"Curated GtoPdb comment states dosulepin has anticholinergic effects, supporting muscarinic receptor antagonism. Subtype-specific assay detail was not visible in the retrieved summary.",2026-04-16
Dosulepin,Tricyclic,M3,Antagonist,Antagonist,,38,38,False,1.57978359661681,7.42021640338319,https://www.guidetopharmacology.org/GRAC/LigandDisplayForward?ligandId=7549&tab=clinical,"Curated GtoPdb comment states dosulepin has anticholinergic effects, supporting muscarinic receptor antagonism. Subtype-specific assay detail was not visible in the retrieved summary.",2026-04-16
Dosulepin,Tricyclic,M4,Antagonist,Antagonist,,61,61,False,1.78532983501077,7.21467016498923,https://www.guidetopharmacology.org/GRAC/LigandDisplayForward?ligandId=7549&tab=clinical,"Curated GtoPdb comment states dosulepin has anticholinergic effects, supporting muscarinic receptor antagonism. Subtype-specific assay detail was not visible in the retrieved summary.",2026-04-16
Dosulepin,Tricyclic,M5,Antagonist,Antagonist,,92,92,False,1.96378782734556,7.03621217265444,https://www.guidetopharmacology.org/GRAC/LigandDisplayForward?ligandId=7549&tab=clinical,"Curated GtoPdb comment states dosulepin has anticholinergic effects, supporting muscarinic receptor antagonism. Subtype-specific assay detail was not visible in the retrieved summary.",2026-04-16
Dosulepin,Tricyclic,mACh,Antagonist,Antagonist,25,26,25.4950975679639,True,1.40645667832143,7.59354332167857,https://www.guidetopharmacology.org/GRAC/LigandDisplayForward?ligandId=7549&tab=clinical,"Curated GtoPdb comment states dosulepin has anticholinergic effects, supporting muscarinic receptor antagonism. The summary does not separate receptor subtypes.",2026-04-16
Dosulepin,Tricyclic,H1,Antagonist,Antagonist,3.6,4,3.79473319220206,True,0.579181246047625,8.42081875395238,https://www.guidetopharmacology.org/GRAC/LigandDisplayForward?ligandId=7549&tab=clinical,"Curated GtoPdb comment states dosulepin has antihistamine effects, supporting H1 antagonism. The summary does not specify a single receptor assay system.",2026-04-16
Doxepin,Tricyclic,DAT,,,10000,,10000,False,4,5,,,2026-04-16
Doxepin,Tricyclic,D2,,,,360,360,False,2.55630250076729,6.44369749923271,,,2026-04-16
Doxepin,Tricyclic,SERT,,,68,95,80.3741251896405,True,1.90511625899754,7.09488374100246,,,2026-04-16
Doxepin,Tricyclic,5-HT1A,,,,276,276,False,2.44090908206522,6.55909091793478,,,2026-04-16
Doxepin,Tricyclic,5-HT2A,,,11,27,17.2336879396141,True,1.23637822465861,7.76362177534139,,,2026-04-16
Doxepin,Tricyclic,5-HT2C,,,,200,200,False,2.30102999566398,6.69897000433602,,,2026-04-16
Doxepin,Tricyclic,5-HT6,,,,136,136,False,2.13353890837022,6.86646109162978,,,2026-04-16
Doxepin,Tricyclic,NET,Inhibitor,Antagonist,30,58,41.7133072292284,True,1.6202746241413,7.3797253758587,https://www.guidetopharmacology.org/GRAC/LigandDisplayForward?ligandId=1225,"The curated GtoPdb ligand page states doxepin inhibits the sodium-dependent noradrenaline transporter SLC6A2, supporting NET inhibition. The retrieved source is a curated mechanism summary rather than a single uptake assay record.",2026-04-16
Doxepin,Tricyclic,α1,,,,24,24,False,1.38021124171161,7.61978875828839,,,2026-04-16
Doxepin,Tricyclic,α1B,,,,12,12,False,1.07918124604762,7.92081875395238,,,2026-04-16
Doxepin,Tricyclic,α2A,,,1100,1270,1181.94754536739,True,3.07259820305709,5.92740179694291,,,2026-04-16
Doxepin,Tricyclic,α2B,,,,28,28,False,1.44715803134222,7.55284196865778,,,2026-04-16
Doxepin,Tricyclic,α2C,,,,96,96,False,1.98227123303957,7.01772876696043,,,2026-04-16
Doxepin,Tricyclic,M1,,,18,38,26.153393661244,True,1.41752805086006,7.58247194913994,,,2026-04-16
Doxepin,Tricyclic,M2,,,160,230,191.833260932509,True,2.28292390933676,6.71707609066324,,,2026-04-16
Doxepin,Tricyclic,M3,,,25,52,36.0555127546399,True,1.55697167615342,7.44302832384658,,,2026-04-16
Doxepin,Tricyclic,M4,,,20,82,40.4969134626332,True,1.60742192402385,7.39257807597615,,,2026-04-16
Doxepin,Tricyclic,M5,,,5.6,75,20.4939015319192,True,1.31162464519895,7.68837535480105,,,2026-04-16
Doxepin,Tricyclic,mACh,,,23,80,42.8952211790544,True,1.63240891150477,7.36759108849523,,,2026-04-16
Doxepin,Tricyclic,H1,Antagonist,Antagonist,0.09,1.23,0.332716095192283,True,-0.477926189560639,9.47792618956064,https://www.guidetopharmacology.org/GRAC/LigandDisplayForward?ligandId=1225,"A human H1 receptor structure solved with doxepin identifies doxepin as an H1 receptor antagonist bound in the receptor pocket. This provides direct human receptor-level evidence, though from structural rather than cell-functional assay context.",2026-04-16
Doxepin,Tricyclic,H2,,,,174,174,False,2.2405492482826,6.7594507517174,,,2026-04-16
Doxepin,Tricyclic,H3,,,,39800,39800,False,4.59988307207369,4.40011692792631,,,2026-04-16
Doxepin,Tricyclic,H4,,,,15100,15100,False,4.17897694729317,4.82102305270683,,,2026-04-16
Imipramine,Tricyclic,DAT,,,,8500,8500,False,3.92941892571429,5.07058107428571,,,2026-04-16
Imipramine,Tricyclic,D1,,,10000,,10000,False,4,5,,,2026-04-16
Imipramine,Tricyclic,D2,Antagonist,Antagonist,620,726,670.909830006984,True,2.82666415509917,6.17333584490083,https://www.ncbi.nlm.nih.gov/sites/books/NBK557656/,StatPearls states imipramine blocks D2 receptors. The source is a mechanism summary and does not provide the specific functional assay context in the retrieved snippet.,2026-04-16
Imipramine,Tricyclic,D3,,,,387,387,False,2.58771096501891,6.41228903498109,,,2026-04-16
Imipramine,Tricyclic,SERT,Inhibitor,Antagonist,1.3,1.4,1.3490737563232,True,0.130035693992537,8.86996430600746,https://www.ncbi.nlm.nih.gov/sites/books/NBK557656/,"StatPearls states imipramine blocks reuptake of norepinephrine and serotonin, supporting NET/SERT inhibition. The reviewed source is a clinical mechanism summary rather than a single uptake assay report.",2026-04-16
Imipramine,Tricyclic,5-HT1A,,,5800,,5800,False,3.76342799356294,5.23657200643706,,,2026-04-16
Imipramine,Tricyclic,5-HT2A,,,80,150,109.544511501033,True,2.03959062302381,6.96040937697619,,,2026-04-16
Imipramine,Tricyclic,5-HT2C,,,,120,120,False,2.07918124604762,6.92081875395238,,,2026-04-16
Imipramine,Tricyclic,5-HT3,,,970,3651,1881.87937976906,True,3.27459178360799,5.72540821639201,,,2026-04-16
Imipramine,Tricyclic,5-HT6,,,190,209,199.273681152329,True,2.29944994353194,6.70055005646806,,,2026-04-16
Imipramine,Tricyclic,5-HT7,,,1000,,1000,False,3,6,,,2026-04-16
Imipramine,Tricyclic,NET,Inhibitor,Antagonist,20,37,27.2029410174709,True,1.43461585986549,7.56538414013451,https://www.ncbi.nlm.nih.gov/sites/books/NBK557656/,"StatPearls states imipramine blocks reuptake of norepinephrine and serotonin, supporting NET/SERT inhibition. The reviewed source is a clinical mechanism summary rather than a single uptake assay report.",2026-04-16
Imipramine,Tricyclic,α1,Antagonist,Antagonist,,32,32,False,1.50514997831991,7.49485002168009,https://www.ncbi.nlm.nih.gov/sites/books/NBK557656/,"StatPearls states imipramine blocks antimuscarinic receptors, alpha-1/alpha-2 adrenergic receptors, and H1 receptors. This row was labelled Antagonist from that mechanism summary; subtype-specific assay details were not shown.",2026-04-16
Imipramine,Tricyclic,α2,Antagonist,Antagonist,,3100,3100,False,3.49136169383427,5.50863830616573,https://www.ncbi.nlm.nih.gov/sites/books/NBK557656/,"StatPearls states imipramine blocks antimuscarinic receptors, alpha-1/alpha-2 adrenergic receptors, and H1 receptors. This row was labelled Antagonist from that mechanism summary; subtype-specific assay details were not shown.",2026-04-16
Imipramine,Tricyclic,β,,,10000,,10000,False,4,5,,,2026-04-16
Imipramine,Tricyclic,M1,Antagonist,Antagonist,,42,42,False,1.6232492903979,7.3767507096021,https://www.ncbi.nlm.nih.gov/sites/books/NBK557656/,"StatPearls states imipramine blocks antimuscarinic receptors, alpha-1/alpha-2 adrenergic receptors, and H1 receptors. This row was labelled Antagonist from that mechanism summary; subtype-specific assay details were not shown.",2026-04-16
Imipramine,Tricyclic,M2,Antagonist,Antagonist,,88,88,False,1.94448267215017,7.05551732784983,https://www.ncbi.nlm.nih.gov/sites/books/NBK557656/,"StatPearls states imipramine blocks antimuscarinic receptors, alpha-1/alpha-2 adrenergic receptors, and H1 receptors. This row was labelled Antagonist from that mechanism summary; subtype-specific assay details were not shown.",2026-04-16
Imipramine,Tricyclic,M3,Antagonist,Antagonist,,60,60,False,1.77815125038364,7.22184874961636,https://www.ncbi.nlm.nih.gov/sites/books/NBK557656/,"StatPearls states imipramine blocks antimuscarinic receptors, alpha-1/alpha-2 adrenergic receptors, and H1 receptors. This row was labelled Antagonist from that mechanism summary; subtype-specific assay details were not shown.",2026-04-16
Imipramine,Tricyclic,M4,Antagonist,Antagonist,,112,112,False,2.04921802267018,6.95078197732982,https://www.ncbi.nlm.nih.gov/sites/books/NBK557656/,"StatPearls states imipramine blocks antimuscarinic receptors, alpha-1/alpha-2 adrenergic receptors, and H1 receptors. This row was labelled Antagonist from that mechanism summary; subtype-specific assay details were not shown.",2026-04-16
Imipramine,Tricyclic,M5,Antagonist,Antagonist,,83,83,False,1.91907809237607,7.08092190762393,https://www.ncbi.nlm.nih.gov/sites/books/NBK557656/,"StatPearls states imipramine blocks antimuscarinic receptors, alpha-1/alpha-2 adrenergic receptors, and H1 receptors. This row was labelled Antagonist from that mechanism summary; subtype-specific assay details were not shown.",2026-04-16
Imipramine,Tricyclic,mACh,Antagonist,Antagonist,,46,46,False,1.66275783168157,7.33724216831843,https://www.ncbi.nlm.nih.gov/sites/books/NBK557656/,"StatPearls states imipramine blocks antimuscarinic receptors, alpha-1/alpha-2 adrenergic receptors, and H1 receptors. This row was labelled Antagonist from that mechanism summary; subtype-specific assay details were not shown.",2026-04-16
Imipramine,Tricyclic,H1,Antagonist,Antagonist,7.6,37,16.7690190530037,True,1.22450765817389,7.77549234182611,https://www.ncbi.nlm.nih.gov/sites/books/NBK557656/,"StatPearls states imipramine blocks antimuscarinic receptors, alpha-1/alpha-2 adrenergic receptors, and H1 receptors. This row was labelled Antagonist from that mechanism summary; subtype-specific assay details were not shown.",2026-04-16
Imipramine,Tricyclic,H2,,,,550,550,False,2.74036268949424,6.25963731050576,,,2026-04-16
Imipramine,Tricyclic,H3,,,100000,,100000,False,5,4,,,2026-04-16
Imipramine,Tricyclic,H4,,,,24000,24000,False,4.38021124171161,4.61978875828839,,,2026-04-16
Imipramine,Tricyclic,σ1,,,332,520,415.499699157532,True,2.61857071366942,6.38142928633058,,,2026-04-16
Imipramine,Tricyclic,σ2,,,327,2100,828.673639015988,True,2.9183835236971,6.0816164763029,,,2026-04-16
Imipramine,Tricyclic,hERG,,,,3400,3400,False,3.53147891704226,5.46852108295775,,,2026-04-16
Lofepramine,Tricyclic,DAT,,,10000,,10000,False,4,5,,,2026-04-16
Lofepramine,Tricyclic,D1,,,,500,500,False,2.69897000433602,6.30102999566398,,,2026-04-16
Lofepramine,Tricyclic,D2,,,,2000,2000,False,3.30102999566398,5.69897000433602,,,2026-04-16
Lofepramine,Tricyclic,SERT,Inhibitor,Antagonist,,70,70,False,1.84509804001426,7.15490195998574,https://www.guidetopharmacology.org/GRAC/LigandDisplayForward?ligandId=7551&tab=clinical,GtoPdb clinical summary states lofepramine acts as a norepinephrine and serotonin reuptake inhibitor. The retrieved summary is mechanism-level curation rather than one named transporter assay.,2026-04-16
Lofepramine,Tricyclic,5-HT1A,,,,4600,4600,False,3.66275783168157,5.33724216831843,,,2026-04-16
Lofepramine,Tricyclic,5-HT2A,,,,200,200,False,2.30102999566398,6.69897000433602,,,2026-04-16
Lofepramine,Tricyclic,NET,Inhibitor,Antagonist,,5.4,5.4,False,0.732393759822969,8.26760624017703,https://www.guidetopharmacology.org/GRAC/LigandDisplayForward?ligandId=7551&tab=clinical,"GtoPdb clinical summary states lofepramine acts as a norepinephrine and serotonin reuptake inhibitor, with desipramine as an active NET-preferring metabolite. The mechanism summary does not give a single assay system in the retrieved snippet.",2026-04-16
Lofepramine,Tricyclic,α1,,,,100,100,False,2,7,,,2026-04-16
Lofepramine,Tricyclic,α2,,,,2700,2700,False,3.43136376415899,5.56863623584101,,,2026-04-16
Lofepramine,Tricyclic,β,,,10000,,10000,False,4,5,,,2026-04-16
Lofepramine,Tricyclic,M1,,,,67,67,False,1.82607480270083,7.17392519729917,,,2026-04-16
Lofepramine,Tricyclic,M2,,,,330,330,False,2.51851393987789,6.48148606012211,,,2026-04-16
Lofepramine,Tricyclic,M3,,,,130,130,False,2.11394335230684,6.88605664769316,,,2026-04-16
Lofepramine,Tricyclic,M4,,,,340,340,False,2.53147891704226,6.46852108295775,,,2026-04-16
Lofepramine,Tricyclic,M5,,,,460,460,False,2.66275783168157,6.33724216831843,,,2026-04-16
Lofepramine,Tricyclic,mACh,,,,67,67,False,1.82607480270083,7.17392519729917,,,2026-04-16
Lofepramine,Tricyclic,H1,,,245,360,296.98484809835,True,2.47273429256591,6.52726570743409,,,2026-04-16
Lofepramine,Tricyclic,H2,,,,4270,4270,False,3.63042787502502,5.36957212497498,,,2026-04-16
Lofepramine,Tricyclic,H3,,,,79400,79400,False,4.8998205024271,4.1001794975729,,,2026-04-16
Lofepramine,Tricyclic,H4,,,,36300,36300,False,4.55990662503611,4.44009337496389,,,2026-04-16
Lofepramine,Tricyclic,σ1,,,,2520,2520,False,3.40140054078154,5.59859945921846,,,2026-04-16
Maprotiline,Tricyclic,DAT,,,,1000,1000,False,3,6,,,2026-04-16
Maprotiline,Tricyclic,D1,,,,402,402,False,2.60422605308447,6.39577394691553,,,2026-04-16
Maprotiline,Tricyclic,D2,,,350,665,482.441706323158,True,2.68344484482669,6.31655515517331,,,2026-04-16
Maprotiline,Tricyclic,D3,,,,504,504,False,2.70243053644553,6.29756946355448,,,2026-04-16
Maprotiline,Tricyclic,SERT,,,,5800,5800,False,3.76342799356294,5.23657200643706,,,2026-04-16
Maprotiline,Tricyclic,5-HT2A,,,,51,51,False,1.70757017609794,7.29242982390206,,,2026-04-16
Maprotiline,Tricyclic,5-HT2C,,,,122,122,False,2.08635983067475,6.91364016932525,,,2026-04-16
Maprotiline,Tricyclic,5-HT7,,,,50,50,False,1.69897000433602,7.30102999566398,,,2026-04-16
Maprotiline,Tricyclic,NET,,,11,12,11.4891252930761,True,1.06028696560293,7.93971303439708,,,2026-04-16
Maprotiline,Tricyclic,α1,,,,90,90,False,1.95424250943933,7.04575749056068,,,2026-04-16
Maprotiline,Tricyclic,α2,,,,9400,9400,False,3.9731278535997,5.0268721464003,,,2026-04-16
Maprotiline,Tricyclic,mACh,,,,570,570,False,2.75587485567249,6.24412514432751,,,2026-04-16
Maprotiline,Tricyclic,H1,Antagonist,Antagonist,0.79,2,1.25698050899765,True,0.0993285434772113,8.90067145652279,https://www.guidetopharmacology.org/GRAC/LigandDisplayForward?ligandId=2402,Human brain binding work identified maprotiline as a very potent histamine H1 antagonist alongside doxepin and mianserin. This is binding-based evidence rather than a functional receptor assay.,2026-04-16
Maprotiline,Tricyclic,H2,,,,776,776,False,2.88986172125819,6.11013827874181,,,2026-04-16
Maprotiline,Tricyclic,H3,,,,66100,66100,False,4.82020145948564,4.17979854051436,,,2026-04-16
Maprotiline,Tricyclic,H4,,,,85100,85100,False,4.92992956008459,4.07007043991541,,,2026-04-16
Mianserin,Tricyclic,DAT,,,,9400,9400,False,3.9731278535997,5.0268721464003,,,2026-04-16
Mianserin,Tricyclic,D1,,,426,1420,777.766031657336,True,2.89084897174289,6.10915102825711,,,2026-04-16
Mianserin,Tricyclic,D2,,,2100,2700,2381.17617995813,True,3.37679152944645,5.62320847055355,,,2026-04-16
Mianserin,Tricyclic,D3,,,,2840,2840,False,3.45331834004704,5.54668165995296,,,2026-04-16
Mianserin,Tricyclic,SERT,,,,4000,4000,False,3.60205999132796,5.39794000867204,,,2026-04-16
Mianserin,Tricyclic,5-HT1A,,,400,2600,1019.80390271856,True,3.00851666964939,5.99148333035061,,,2026-04-16
Mianserin,Tricyclic,5-HT1D,,,220,400,296.647939483827,True,2.47224133607509,6.52775866392492,,,2026-04-16
Mianserin,Tricyclic,5-HT1F,,,,13,13,False,1.11394335230684,7.88605664769316,,,2026-04-16
Mianserin,Tricyclic,5-HT2A,Antagonist,Antagonist,1.6,55,9.38083151964686,True,0.972241336075085,8.02775866392492,https://www.guidetopharmacology.org/GRAC/LigandDisplayForward?ligandId=135,"Mianserin pharmacology is consistent with presynaptic alpha-2 antagonism plus 5-HT2/5-HT3 and H1 receptor antagonism in curated antidepressant references. The reviewed GtoPdb snippet did not expose one receptor-specific assay, so this assignment is mechanism-summary based.",2026-04-16
Mianserin,Tricyclic,5-HT2B,Antagonist,Antagonist,1.6,20,5.65685424949238,True,0.752574989159953,8.24742501084005,https://www.guidetopharmacology.org/GRAC/LigandDisplayForward?ligandId=135,"Mianserin pharmacology is consistent with presynaptic alpha-2 antagonism plus 5-HT2/5-HT3 and H1 receptor antagonism in curated antidepressant references. The reviewed GtoPdb snippet did not expose one receptor-specific assay, so this assignment is mechanism-summary based.",2026-04-16
Mianserin,Tricyclic,5-HT2C,Antagonist,Antagonist,0.63,6.5,2.02361063448481,True,0.306126953048219,8.69387304695178,https://www.guidetopharmacology.org/GRAC/LigandDisplayForward?ligandId=135,"Mianserin pharmacology is consistent with presynaptic alpha-2 antagonism plus 5-HT2/5-HT3 and H1 receptor antagonism in curated antidepressant references. The reviewed GtoPdb snippet did not expose one receptor-specific assay, so this assignment is mechanism-summary based.",2026-04-16
Mianserin,Tricyclic,5-HT3,Antagonist,Antagonist,5.8,300,41.7133072292284,True,1.6202746241413,7.3797253758587,https://www.guidetopharmacology.org/GRAC/LigandDisplayForward?ligandId=135,"Mianserin pharmacology is consistent with presynaptic alpha-2 antagonism plus 5-HT2/5-HT3 and H1 receptor antagonism in curated antidepressant references. The reviewed GtoPdb snippet did not expose one receptor-specific assay, so this assignment is mechanism-summary based.",2026-04-16
Mianserin,Tricyclic,5-HT6,,,55,81,66.745786383861,True,1.82442385418645,7.17557614581355,,,2026-04-16
Mianserin,Tricyclic,5-HT7,,,48,56,51.8459255872629,True,1.71471463219089,7.28528536780911,,,2026-04-16
Mianserin,Tricyclic,NET,,,,71,71,False,1.85125834871908,7.14874165128092,,,2026-04-16
Mianserin,Tricyclic,α1,,,,34,34,False,1.53147891704226,7.46852108295775,,,2026-04-16
Mianserin,Tricyclic,α2,Antagonist,Antagonist,,73,73,False,1.86332286012046,7.13667713987954,https://www.guidetopharmacology.org/GRAC/LigandDisplayForward?ligandId=135,"Mianserin pharmacology is consistent with presynaptic alpha-2 antagonism plus 5-HT2/5-HT3 and H1 receptor antagonism in curated antidepressant references. The reviewed GtoPdb snippet did not expose one receptor-specific assay, so this assignment is mechanism-summary based.",2026-04-16
Mianserin,Tricyclic,α2A,Antagonist,Antagonist,,4.8,4.8,False,0.681241237375587,8.31875876262441,https://www.guidetopharmacology.org/GRAC/LigandDisplayForward?ligandId=135,"Mianserin pharmacology is consistent with presynaptic alpha-2 antagonism plus 5-HT2/5-HT3 and H1 receptor antagonism in curated antidepressant references. The reviewed GtoPdb snippet did not expose one receptor-specific assay, so this assignment is mechanism-summary based.",2026-04-16
Mianserin,Tricyclic,α2B,Antagonist,Antagonist,,27,27,False,1.43136376415899,7.56863623584101,https://www.guidetopharmacology.org/GRAC/LigandDisplayForward?ligandId=135,"Mianserin pharmacology is consistent with presynaptic alpha-2 antagonism plus 5-HT2/5-HT3 and H1 receptor antagonism in curated antidepressant references. The reviewed GtoPdb snippet did not expose one receptor-specific assay, so this assignment is mechanism-summary based.",2026-04-16
Mianserin,Tricyclic,α2C,Antagonist,Antagonist,,3.8,3.8,False,0.57978359661681,8.42021640338319,https://www.guidetopharmacology.org/GRAC/LigandDisplayForward?ligandId=135,"Mianserin pharmacology is consistent with presynaptic alpha-2 antagonism plus 5-HT2/5-HT3 and H1 receptor antagonism in curated antidepressant references. The reviewed GtoPdb snippet did not expose one receptor-specific assay, so this assignment is mechanism-summary based.",2026-04-16
Mianserin,Tricyclic,mACh,,,,820,820,False,2.91381385238372,6.08618614761628,,,2026-04-16
Mianserin,Tricyclic,H1,Antagonist,Antagonist,0.3,1.7,0.714142842854285,True,-0.146214911951032,9.14621491195103,https://www.guidetopharmacology.org/GRAC/LigandDisplayForward?ligandId=135,"Mianserin pharmacology is consistent with presynaptic alpha-2 antagonism plus 5-HT2/5-HT3 and H1 receptor antagonism in curated antidepressant references. The reviewed GtoPdb snippet did not expose one receptor-specific assay, so this assignment is mechanism-summary based.",2026-04-16
Mianserin,Tricyclic,H2,,,,437,437,False,2.64048143697042,6.35951856302958,,,2026-04-16
Mianserin,Tricyclic,H3,,,,95500,95500,False,4.98000337158375,4.01999662841625,,,2026-04-16
Mianserin,Tricyclic,H4,,,100000,,100000,False,5,4,,,2026-04-16
Mianserin,Tricyclic,MOR,,,,21000,21000,False,4.32221929473392,4.67778070526608,,,2026-04-16
Mianserin,Tricyclic,DOR,,,,30200,30200,False,4.48000694295715,4.51999305704285,,,2026-04-16
Nortriptyline,Tricyclic,DAT,,,,1140,1140,False,3.05690485133647,5.94309514866353,,,2026-04-16
Nortriptyline,Tricyclic,D2,,,,2570,2570,False,3.40993312333129,5.59006687666871,,,2026-04-16
Nortriptyline,Tricyclic,SERT,Inhibitor,Antagonist,15,18,16.431676725155,True,1.21568188207949,7.78431811792051,https://www.ncbi.nlm.nih.gov/sites/books/NBK482214/,"StatPearls states nortriptyline inhibits reuptake of serotonin and norepinephrine, supporting transporter inhibition. The source is a mechanism overview and does not list a single transporter assay in the snippet reviewed.",2026-04-16
Nortriptyline,Tricyclic,5-HT1A,,,,294,294,False,2.46834733041216,6.53165266958784,,,2026-04-16
Nortriptyline,Tricyclic,5-HT2A,,,5,41,14.3178210632764,True,1.15587693052788,7.84412306947212,,,2026-04-16
Nortriptyline,Tricyclic,5-HT2C,,,,8.5,8.5,False,0.929418925714293,8.07058107428571,,,2026-04-16
Nortriptyline,Tricyclic,5-HT3,,,,1400,1400,False,3.14612803567824,5.85387196432176,,,2026-04-16
Nortriptyline,Tricyclic,5-HT6,,,,148,148,False,2.17026171539496,6.82973828460504,,,2026-04-16
Nortriptyline,Tricyclic,NET,Inhibitor,Antagonist,1.8,4.4,2.81424945589406,True,0.449362590794747,8.55063740920525,https://www.ncbi.nlm.nih.gov/sites/books/NBK482214/,"StatPearls states nortriptyline inhibits reuptake of serotonin and norepinephrine, supporting transporter inhibition. The source is a mechanism overview and does not list a single transporter assay in the snippet reviewed.",2026-04-16
Nortriptyline,Tricyclic,α1,,,,55,55,False,1.74036268949424,7.25963731050576,,,2026-04-16
Nortriptyline,Tricyclic,α2,,,,2030,2030,False,3.30749603791321,5.69250396208679,,,2026-04-16
Nortriptyline,Tricyclic,β,,,10000,,10000,False,4,5,,,2026-04-16
Nortriptyline,Tricyclic,M1,Antagonist,Antagonist,,40,40,False,1.60205999132796,7.39794000867204,https://www.ncbi.nlm.nih.gov/sites/books/NBK482214/,"StatPearls states nortriptyline inhibits histamine and acetylcholine signalling, supporting antagonist activity at H1 and muscarinic receptors. The snippet reviewed did not provide subtype-specific functional assay details.",2026-04-16
Nortriptyline,Tricyclic,M2,Antagonist,Antagonist,,110,110,False,2.04139268515823,6.95860731484178,https://www.ncbi.nlm.nih.gov/sites/books/NBK482214/,"StatPearls states nortriptyline inhibits histamine and acetylcholine signalling, supporting antagonist activity at H1 and muscarinic receptors. The snippet reviewed did not provide subtype-specific functional assay details.",2026-04-16
Nortriptyline,Tricyclic,M3,Antagonist,Antagonist,,50,50,False,1.69897000433602,7.30102999566398,https://www.ncbi.nlm.nih.gov/sites/books/NBK482214/,"StatPearls states nortriptyline inhibits histamine and acetylcholine signalling, supporting antagonist activity at H1 and muscarinic receptors. The snippet reviewed did not provide subtype-specific functional assay details.",2026-04-16
Nortriptyline,Tricyclic,M4,Antagonist,Antagonist,,84,84,False,1.92427928606188,7.07572071393812,https://www.ncbi.nlm.nih.gov/sites/books/NBK482214/,"StatPearls states nortriptyline inhibits histamine and acetylcholine signalling, supporting antagonist activity at H1 and muscarinic receptors. The snippet reviewed did not provide subtype-specific functional assay details.",2026-04-16
Nortriptyline,Tricyclic,M5,Antagonist,Antagonist,,97,97,False,1.98677173426624,7.01322826573376,https://www.ncbi.nlm.nih.gov/sites/books/NBK482214/,"StatPearls states nortriptyline inhibits histamine and acetylcholine signalling, supporting antagonist activity at H1 and muscarinic receptors. The snippet reviewed did not provide subtype-specific functional assay details.",2026-04-16
Nortriptyline,Tricyclic,mACh,Antagonist,Antagonist,,37,37,False,1.568201724067,7.43179827593301,https://www.ncbi.nlm.nih.gov/sites/books/NBK482214/,"StatPearls states nortriptyline inhibits histamine and acetylcholine signalling, supporting antagonist activity at H1 and muscarinic receptors. The snippet reviewed did not provide subtype-specific functional assay details.",2026-04-16
Nortriptyline,Tricyclic,H1,Antagonist,Antagonist,3,15,6.70820393249937,True,0.826606256887672,8.17339374311233,https://www.ncbi.nlm.nih.gov/sites/books/NBK482214/,"StatPearls states nortriptyline inhibits histamine and acetylcholine signalling, supporting antagonist activity at H1 and muscarinic receptors. The snippet reviewed did not provide subtype-specific functional assay details.",2026-04-16
Nortriptyline,Tricyclic,H2,,,,646,646,False,2.81023251799508,6.18976748200492,,,2026-04-16
Nortriptyline,Tricyclic,H3,,,,45700,45700,False,4.65991620006985,4.34008379993015,,,2026-04-16
Nortriptyline,Tricyclic,H4,,,,6920,6920,False,3.84010609445676,5.15989390554324,,,2026-04-16
Nortriptyline,Tricyclic,σ1,,,,2000,2000,False,3.30102999566398,5.69897000433602,,,2026-04-16
Trazodone,Tricyclic,DAT,,,7400,,7400,False,3.86923171973098,5.13076828026902,,,2026-04-16
Trazodone,Tricyclic,D1,,,,3730,3730,False,3.57170883180869,5.42829116819131,,,2026-04-16
Trazodone,Tricyclic,D2,,,3500,,3500,False,3.54406804435028,5.45593195564972,,,2026-04-16
Trazodone,Tricyclic,D3,,,,353,353,False,2.54777470538782,6.45222529461218,,,2026-04-16
Trazodone,Tricyclic,D4,,,,703,703,False,2.84695532501982,6.15304467498018,,,2026-04-16
Trazodone,Tricyclic,SERT,Inhibitor,Antagonist,160,10000,1264.91106406735,True,3.10205999132796,5.89794000867204,https://www.guidetopharmacology.org/GRAC/LigandDisplayForward?ligandId=213,"Trazodone is classically a serotonin antagonist/reuptake inhibitor, supporting SERT inhibition. The reviewed source was a curated ligand record rather than a single uptake assay entry.",2026-04-16
Trazodone,Tricyclic,5-HT1A,,,96,118,106.433077565201,True,2.02707662017285,6.97292337982715,,,2026-04-16
Trazodone,Tricyclic,5-HT1D,,,,106,106,False,2.02530586526477,6.97469413473523,,,2026-04-16
Trazodone,Tricyclic,5-HT1E,,,10000,,10000,False,4,5,,,2026-04-16
Trazodone,Tricyclic,5-HT2A,Antagonist,Antagonist,20,45,30,True,1.47712125471966,7.52287874528034,https://www.guidetopharmacology.org/GRAC/LigandDisplayForward?ligandId=213,"Trazodone is classically a serotonin antagonist/reuptake inhibitor with 5-HT2A/5-HT2C antagonism. The retrieved GtoPdb snippet was not assay-specific, so this is mechanism-summary based.",2026-04-16
Trazodone,Tricyclic,5-HT2B,,,74,189,118.262420066562,True,2.07284676195211,6.92715323804789,,,2026-04-16
Trazodone,Tricyclic,5-HT2C,Antagonist,Antagonist,224,402,300.079989336177,True,2.47723703570932,6.52276296429068,https://www.guidetopharmacology.org/GRAC/LigandDisplayForward?ligandId=213,"Trazodone is classically a serotonin antagonist/reuptake inhibitor with 5-HT2A/5-HT2C antagonism. The retrieved GtoPdb snippet was not assay-specific, so this is mechanism-summary based.",2026-04-16
Trazodone,Tricyclic,5-HT3,,,10000,,10000,False,4,5,,,2026-04-16
Trazodone,Tricyclic,5-HT5A,,,10000,,10000,False,4,5,,,2026-04-16
Trazodone,Tricyclic,5-HT6,,,10000,,10000,False,4,5,,,2026-04-16
Trazodone,Tricyclic,5-HT7,,,,1782,1782,False,3.25090769970086,5.74909230029914,,,2026-04-16
Trazodone,Tricyclic,NET,,,8500,,8500,False,3.92941892571429,5.07058107428571,,,2026-04-16
Trazodone,Tricyclic,α1,Antagonist,Antagonist,12,42,22.4499443206437,True,1.35121526822276,7.64878473177724,https://www.guidetopharmacology.org/GRAC/LigandDisplayForward?ligandId=213,Trazodone has recognised H1 antihistamine and alpha-1 antiadrenergic activity in standard pharmacology sources. The retrieved GtoPdb snippet did not provide subtype-specific assay detail.,2026-04-16
Trazodone,Tricyclic,α1A,Antagonist,Antagonist,,153,153,False,2.1846914308176,6.8153085691824,https://www.guidetopharmacology.org/GRAC/LigandDisplayForward?ligandId=213,Trazodone has recognised H1 antihistamine and alpha-1 antiadrenergic activity in standard pharmacology sources. The retrieved GtoPdb snippet did not provide subtype-specific assay detail.,2026-04-16
Trazodone,Tricyclic,α2,,,106,490,227.903488345396,True,2.35775097264664,6.64224902735336,,,2026-04-16
Trazodone,Tricyclic,α2A,,,,728,728,False,2.86213137931304,6.13786862068696,,,2026-04-16
Trazodone,Tricyclic,α2C,,,,155,155,False,2.19033169817029,6.80966830182971,,,2026-04-16
Trazodone,Tricyclic,β,,,10000,,10000,False,4,5,,,2026-04-16
Trazodone,Tricyclic,β1,,,10000,,10000,False,4,5,,,2026-04-16
Trazodone,Tricyclic,β2,,,10000,,10000,False,4,5,,,2026-04-16
Trazodone,Tricyclic,H1,Antagonist,Antagonist,220,1100,491.934955049954,True,2.69190768299022,6.30809231700978,https://www.guidetopharmacology.org/GRAC/LigandDisplayForward?ligandId=213,Trazodone has recognised H1 antihistamine and alpha-1 antiadrenergic activity in standard pharmacology sources. The retrieved GtoPdb snippet did not provide subtype-specific assay detail.,2026-04-16
Trazodone,Tricyclic,H2,,,,3290,3290,False,3.51719589794997,5.48280410205003,,,2026-04-16
Trazodone,Tricyclic,H3,,,10000,,10000,False,4,5,,,2026-04-16
Trazodone,Tricyclic,H4,,,10000,,10000,False,4,5,,,2026-04-16
Trazodone,Tricyclic,σ1,,,10000,,10000,False,4,5,,,2026-04-16
Trazodone,Tricyclic,σ2,,,,536,536,False,2.72916478969277,6.27083521030723,,,2026-04-16
Trimipramine,Tricyclic,DAT,Inhibitor,Antagonist,3780,,3780,False,3.57749179983723,5.42250820016278,https://www.guidetopharmacology.org/GRAC/LigandDisplayForward?ligandId=7317&tab=clinical,"GtoPdb clinical summary states trimipramine is a weak inhibitor of the norepinephrine, serotonin and dopamine transporters. This assignment reflects that curated mechanism summary; no single uptake assay setup was shown in the retrieved snippet.",2026-04-16
Trimipramine,Tricyclic,D1,Antagonist,Antagonist,,347,347,False,2.54032947479087,6.45967052520913,https://www.guidetopharmacology.org/GRAC/LigandDisplayForward?ligandId=7317&tab=clinical,"GtoPdb clinical summary states trimipramine's main effects are antagonism of dopamine, serotonin, epinephrine/norepinephrine and acetylcholine receptors. This row was labelled Antagonist from that mechanism summary without subtype-specific assay detail.",2026-04-16
Trimipramine,Tricyclic,D2,Antagonist,Antagonist,143,210,173.29166165745,True,2.23877766609949,6.76122233390051,https://www.guidetopharmacology.org/GRAC/LigandDisplayForward?ligandId=7317&tab=clinical,"GtoPdb clinical summary states trimipramine's main effects are antagonism of dopamine, serotonin, epinephrine/norepinephrine and acetylcholine receptors. This row was labelled Antagonist from that mechanism summary without subtype-specific assay detail.",2026-04-16
Trimipramine,Tricyclic,D4,Antagonist,Antagonist,,275,275,False,2.43933269383026,6.56066730616974,https://www.guidetopharmacology.org/GRAC/LigandDisplayForward?ligandId=7317&tab=clinical,"GtoPdb clinical summary states trimipramine's main effects are antagonism of dopamine, serotonin, epinephrine/norepinephrine and acetylcholine receptors. This row was labelled Antagonist from that mechanism summary without subtype-specific assay detail.",2026-04-16
Trimipramine,Tricyclic,SERT,Inhibitor,Antagonist,149,2110,560.704913479452,True,2.74873436185498,6.25126563814502,https://www.guidetopharmacology.org/GRAC/LigandDisplayForward?ligandId=7317&tab=clinical,"GtoPdb clinical summary states trimipramine is a weak inhibitor of the norepinephrine, serotonin and dopamine transporters. This assignment reflects that curated mechanism summary; no single uptake assay setup was shown in the retrieved snippet.",2026-04-16
Trimipramine,Tricyclic,5-HT1A,Antagonist,Antagonist,,8000,8000,False,3.90308998699194,5.09691001300806,https://www.guidetopharmacology.org/GRAC/LigandDisplayForward?ligandId=7317&tab=clinical,"GtoPdb clinical summary states trimipramine's main effects are antagonism of dopamine, serotonin, epinephrine/norepinephrine and acetylcholine receptors. This row was labelled Antagonist from that mechanism summary without subtype-specific assay detail.",2026-04-16
Trimipramine,Tricyclic,5-HT1D,Antagonist,Antagonist,10000,,10000,False,4,5,https://www.guidetopharmacology.org/GRAC/LigandDisplayForward?ligandId=7317&tab=clinical,"GtoPdb clinical summary states trimipramine's main effects are antagonism of dopamine, serotonin, epinephrine/norepinephrine and acetylcholine receptors. This row was labelled Antagonist from that mechanism summary without subtype-specific assay detail.",2026-04-16
Trimipramine,Tricyclic,5-HT2A,Antagonist,Antagonist,,32,32,False,1.50514997831991,7.49485002168009,https://www.guidetopharmacology.org/GRAC/LigandDisplayForward?ligandId=7317&tab=clinical,"GtoPdb clinical summary states trimipramine's main effects are antagonism of dopamine, serotonin, epinephrine/norepinephrine and acetylcholine receptors. This row was labelled Antagonist from that mechanism summary without subtype-specific assay detail.",2026-04-16
Trimipramine,Tricyclic,5-HT2C,Antagonist,Antagonist,,537,537,False,2.72997428569956,6.27002571430044,https://www.guidetopharmacology.org/GRAC/LigandDisplayForward?ligandId=7317&tab=clinical,"GtoPdb clinical summary states trimipramine's main effects are antagonism of dopamine, serotonin, epinephrine/norepinephrine and acetylcholine receptors. This row was labelled Antagonist from that mechanism summary without subtype-specific assay detail.",2026-04-16
Trimipramine,Tricyclic,5-HT3,Antagonist,Antagonist,,9120,9120,False,3.95999483832842,5.04000516167158,https://www.guidetopharmacology.org/GRAC/LigandDisplayForward?ligandId=7317&tab=clinical,"GtoPdb clinical summary states trimipramine's main effects are antagonism of dopamine, serotonin, epinephrine/norepinephrine and acetylcholine receptors. This row was labelled Antagonist from that mechanism summary without subtype-specific assay detail.",2026-04-16
Trimipramine,Tricyclic,NET,Inhibitor,Antagonist,2450,4990,3496.49824824781,True,3.54363331499396,5.45636668500604,https://www.guidetopharmacology.org/GRAC/LigandDisplayForward?ligandId=7317&tab=clinical,"GtoPdb clinical summary states trimipramine is a weak inhibitor of the norepinephrine, serotonin and dopamine transporters. This assignment reflects that curated mechanism summary; no single uptake assay setup was shown in the retrieved snippet.",2026-04-16
Trimipramine,Tricyclic,α1,Antagonist,Antagonist,,24,24,False,1.38021124171161,7.61978875828839,https://www.guidetopharmacology.org/GRAC/LigandDisplayForward?ligandId=7317&tab=clinical,"GtoPdb clinical summary states trimipramine's main effects are antagonism of dopamine, serotonin, epinephrine/norepinephrine and acetylcholine receptors. This row was labelled Antagonist from that mechanism summary without subtype-specific assay detail.",2026-04-16
Trimipramine,Tricyclic,α2,Antagonist,Antagonist,,680,680,False,2.83250891270624,6.16749108729376,https://www.guidetopharmacology.org/GRAC/LigandDisplayForward?ligandId=7317&tab=clinical,"GtoPdb clinical summary states trimipramine's main effects are antagonism of dopamine, serotonin, epinephrine/norepinephrine and acetylcholine receptors. This row was labelled Antagonist from that mechanism summary without subtype-specific assay detail.",2026-04-16
Trimipramine,Tricyclic,mACh,Antagonist,Antagonist,,58,58,False,1.76342799356294,7.23657200643706,https://www.guidetopharmacology.org/GRAC/LigandDisplayForward?ligandId=7317&tab=clinical,"GtoPdb clinical summary states trimipramine's main effects are antagonism of dopamine, serotonin, epinephrine/norepinephrine and acetylcholine receptors. This row was labelled Antagonist from that mechanism summary without subtype-specific assay detail.",2026-04-16
Trimipramine,Tricyclic,H1,Antagonist,Antagonist,0.27,1.48,0.632139225171164,True,-0.199187260223028,9.19918726022303,https://www.guidetopharmacology.org/GRAC/LigandDisplayForward?ligandId=7317&tab=clinical,"GtoPdb clinical summary states trimipramine's main effects are antagonism of dopamine, serotonin, epinephrine/norepinephrine and acetylcholine receptors. This row was labelled Antagonist from that mechanism summary without subtype-specific assay detail.",2026-04-16
Trimipramine,Tricyclic,H2,Antagonist,Antagonist,,41,41,False,1.61278385671974,7.38721614328026,https://www.guidetopharmacology.org/GRAC/LigandDisplayForward?ligandId=7317&tab=clinical,"GtoPdb clinical summary states trimipramine's main effects are antagonism of dopamine, serotonin, epinephrine/norepinephrine and acetylcholine receptors. This row was labelled Antagonist from that mechanism summary without subtype-specific assay detail.",2026-04-16
Trimipramine,Tricyclic,H3,Antagonist,Antagonist,100000,,100000,False,5,4,https://www.guidetopharmacology.org/GRAC/LigandDisplayForward?ligandId=7317&tab=clinical,"GtoPdb clinical summary states trimipramine's main effects are antagonism of dopamine, serotonin, epinephrine/norepinephrine and acetylcholine receptors. This row was labelled Antagonist from that mechanism summary without subtype-specific assay detail.",2026-04-16
Trimipramine,Tricyclic,H4,Antagonist,Antagonist,,43700,43700,False,4.64048143697042,4.35951856302958,https://www.guidetopharmacology.org/GRAC/LigandDisplayForward?ligandId=7317&tab=clinical,"GtoPdb clinical summary states trimipramine's main effects are antagonism of dopamine, serotonin, epinephrine/norepinephrine and acetylcholine receptors. This row was labelled Antagonist from that mechanism summary without subtype-specific assay detail.",2026-04-16
Duloxetine,SNRI,DAT,,,,240,240,False,2.38021124171161,6.61978875828839,,,2026-04-16
Duloxetine,SNRI,SERT,Inhibitor,Antagonist,0.7,0.8,0.748331477354788,True,-0.1259059864969,9.1259059864969,https://www.guidetopharmacology.org/GRAC/LigandDisplayForward?ligandId=202&tab=clinical,GtoPdb clinical summary states duloxetine is a potent inhibitor of neuronal serotonin reuptake via SLC6A4. The mechanism section is a curated summary and does not list the individual assay system in the retrieved snippet.,2026-04-16
Duloxetine,SNRI,5-HT2A,,,,504,504,False,2.70243053644553,6.29756946355448,,,2026-04-16
Duloxetine,SNRI,5-HT2C,,,,916,916,False,2.96189547366785,6.03810452633215,,,2026-04-16
Duloxetine,SNRI,5-HT6,,,,419,419,False,2.6222140229663,6.37778597703371,,,2026-04-16
Duloxetine,SNRI,NET,Inhibitor,Antagonist,,7.5,7.5,False,0.8750612633917,8.1249387366083,https://www.guidetopharmacology.org/GRAC/LigandDisplayForward?ligandId=202&tab=clinical,GtoPdb clinical summary states duloxetine is a potent inhibitor of neuronal norepinephrine reuptake via SLC6A2. The mechanism section is curated summary text rather than a single uptake assay record.,2026-04-16
Venlafaxine,SNRI,DAT,,,,7647,7647,False,3.88349109018893,5.11650890981107,,,2026-04-16
Venlafaxine,SNRI,SERT,Inhibitor,Antagonist,,82,82,False,1.91381385238372,7.08618614761628,https://www.guidetopharmacology.org/GRAC/LigandDisplayForward?ligandId=7321,"Curated GtoPdb summary identifies venlafaxine as an SNRI, supporting serotonin transporter inhibition. The retrieved record is mechanism-level curation, without one displayed transporter assay setup.",2026-04-16
Venlafaxine,SNRI,5-HT2A,,,,2230,2230,False,3.34830486304816,5.65169513695184,,,2026-04-16
Venlafaxine,SNRI,5-HT2C,,,,2004,2004,False,3.30189771719521,5.69810228280479,,,2026-04-16
Venlafaxine,SNRI,5-HT6,,,,2792,2792,False,3.44591541395112,5.55408458604888,,,2026-04-16
Venlafaxine,SNRI,NET,Inhibitor,Antagonist,,2480,2480,False,3.39445168082622,5.60554831917378,https://www.guidetopharmacology.org/GRAC/LigandDisplayForward?ligandId=7321,"Curated GtoPdb summary identifies venlafaxine as an SNRI, supporting norepinephrine transporter inhibition. The snippet reviewed did not provide a single assay system.",2026-04-16
Venlafaxine,SNRI,α1A,,,1000,,1000,False,3,6,,,2026-04-16
Agomelatine,Melatonin receptor agonist,5-HT2B,,,,660,660,False,2.81954393554187,6.18045606445813,,,2026-04-16
Agomelatine,Melatonin receptor agonist,5-HT2C,Antagonist,Antagonist,,631,631,False,2.80002935924413,6.19997064075587,https://www.guidetopharmacology.org/GRAC/LigandDisplayForward?ligandId=198,"Curated GtoPdb summary states agomelatine has low-affinity 5-HT2C receptor antagonism. The page is a curated drug record rather than a single functional assay report, so assay system details are not given in the summary.",2026-04-16
Agomelatine,Melatonin receptor agonist,MT2,Full agonist,Agonist,,0.12,0.12,False,-0.920818753952375,9.92081875395238,https://www.guidetopharmacology.org/GRAC/LigandDisplayForward?ligandId=198,"Curated GtoPdb summary describes agomelatine as a melatonergic antidepressant acting as a melatonin receptor agonist. This row was labelled Full agonist for MT2 from that curated target-class assignment, the summary does not specify a single human functional assay on the page.",2026-04-16
Mirtazapine,Alpha2-adrenoreceptor antagonist,DAT,,,10000,,10000,False,4,5,,,2026-04-16
Mirtazapine,Alpha2-adrenoreceptor antagonist,D1,,,,4167,4167,False,3.61982350045728,5.38017649954272,,,2026-04-16
Mirtazapine,Alpha2-adrenoreceptor antagonist,D2,,,5454,,5454,False,3.73671513360561,5.26328486639439,,,2026-04-16
Mirtazapine,Alpha2-adrenoreceptor antagonist,D3,,,,5723,5723,False,3.75762374590839,5.24237625409161,,,2026-04-16
Mirtazapine,Alpha2-adrenoreceptor antagonist,D4,,,,2518,2518,False,3.40105572577184,5.59894427422816,,,2026-04-16
Mirtazapine,Alpha2-adrenoreceptor antagonist,SERT,,,10000,,10000,False,4,5,,,2026-04-16
Mirtazapine,Alpha2-adrenoreceptor antagonist,5-HT1A,,,3330,5010,4084.51955559035,True,3.61114097968678,5.38885902031322,,,2026-04-16
Mirtazapine,Alpha2-adrenoreceptor antagonist,5-HT1D,,,794,5010,1994.4773751537,True,3.29982911414717,5.70017088585283,,,2026-04-16
Mirtazapine,Alpha2-adrenoreceptor antagonist,5-HT1E,,,,728,728,False,2.86213137931304,6.13786862068696,,,2026-04-16
Mirtazapine,Alpha2-adrenoreceptor antagonist,5-HT1F,,,,583,583,False,2.76566855475901,6.23433144524099,,,2026-04-16
Mirtazapine,Alpha2-adrenoreceptor antagonist,5-HT2A,Antagonist,Antagonist,6.3,69,20.8494604246729,True,1.31909482009542,7.68090517990458,https://www.ncbi.nlm.nih.gov/sites/books/NBK519059/,"StatPearls describes mirtazapine as blocking presynaptic alpha-2 receptors and antagonising 5-HT2, 5-HT3 and H1 receptors. The source is a curated mechanism summary rather than a single receptor-specific functional assay.",2026-04-16
Mirtazapine,Alpha2-adrenoreceptor antagonist,5-HT2B,Antagonist,Antagonist,,200,200,False,2.30102999566398,6.69897000433602,https://www.ncbi.nlm.nih.gov/sites/books/NBK519059/,"StatPearls describes mirtazapine as blocking presynaptic alpha-2 receptors and antagonising 5-HT2, 5-HT3 and H1 receptors. The source is a curated mechanism summary rather than a single receptor-specific functional assay.",2026-04-16
Mirtazapine,Alpha2-adrenoreceptor antagonist,5-HT2C,Antagonist,Antagonist,8.9,39,18.6306199574786,True,1.27022730683571,7.72977269316429,https://www.ncbi.nlm.nih.gov/sites/books/NBK519059/,"StatPearls describes mirtazapine as blocking presynaptic alpha-2 receptors and antagonising 5-HT2, 5-HT3 and H1 receptors. The source is a curated mechanism summary rather than a single receptor-specific functional assay.",2026-04-16
Mirtazapine,Alpha2-adrenoreceptor antagonist,5-HT3,Antagonist,Antagonist,,8.1,8.1,False,0.90848501887865,8.09151498112135,https://www.ncbi.nlm.nih.gov/sites/books/NBK519059/,"StatPearls describes mirtazapine as blocking presynaptic alpha-2 receptors and antagonising 5-HT2, 5-HT3 and H1 receptors. The source is a curated mechanism summary rather than a single receptor-specific functional assay.",2026-04-16
Mirtazapine,Alpha2-adrenoreceptor antagonist,5-HT4L,,,10000,,10000,False,4,5,,,2026-04-16
Mirtazapine,Alpha2-adrenoreceptor antagonist,5-HT5A,,,,670,670,False,2.82607480270083,6.17392519729917,,,2026-04-16
Mirtazapine,Alpha2-adrenoreceptor antagonist,5-HT7,,,,265,265,False,2.42324587393681,6.57675412606319,,,2026-04-16
Mirtazapine,Alpha2-adrenoreceptor antagonist,NET,,,4600,,4600,False,3.66275783168157,5.33724216831843,,,2026-04-16
Mirtazapine,Alpha2-adrenoreceptor antagonist,α1A,Antagonist,Antagonist,,1815,1815,False,3.25887662937213,5.74112337062787,https://www.ncbi.nlm.nih.gov/sites/books/NBK519059/,"StatPearls describes mirtazapine as blocking presynaptic alpha-2 receptors and antagonising 5-HT2, 5-HT3 and H1 receptors. The source is a curated mechanism summary rather than a single receptor-specific functional assay.",2026-04-16
Mirtazapine,Alpha2-adrenoreceptor antagonist,α2A,Antagonist,Antagonist,,20,20,False,1.30102999566398,7.69897000433602,https://www.ncbi.nlm.nih.gov/sites/books/NBK519059/,"StatPearls describes mirtazapine as blocking presynaptic alpha-2 receptors and antagonising 5-HT2, 5-HT3 and H1 receptors. The source is a curated mechanism summary rather than a single receptor-specific functional assay.",2026-04-16
Mirtazapine,Alpha2-adrenoreceptor antagonist,α2B,Antagonist,Antagonist,,88,88,False,1.94448267215017,7.05551732784983,https://www.ncbi.nlm.nih.gov/sites/books/NBK519059/,"StatPearls describes mirtazapine as blocking presynaptic alpha-2 receptors and antagonising 5-HT2, 5-HT3 and H1 receptors. The source is a curated mechanism summary rather than a single receptor-specific functional assay.",2026-04-16
Mirtazapine,Alpha2-adrenoreceptor antagonist,α2C,Antagonist,Antagonist,,18,18,False,1.25527250510331,7.74472749489669,https://www.ncbi.nlm.nih.gov/sites/books/NBK519059/,"StatPearls describes mirtazapine as blocking presynaptic alpha-2 receptors and antagonising 5-HT2, 5-HT3 and H1 receptors. The source is a curated mechanism summary rather than a single receptor-specific functional assay.",2026-04-16
Mirtazapine,Alpha2-adrenoreceptor antagonist,β,,,10000,,10000,False,4,5,,,2026-04-16
Mirtazapine,Alpha2-adrenoreceptor antagonist,mACh,,,,670,670,False,2.82607480270083,6.17392519729917,,,2026-04-16
Mirtazapine,Alpha2-adrenoreceptor antagonist,H1,Antagonist,Antagonist,0.14,1.6,0.473286382647969,True,-0.324875990832919,9.32487599083292,https://www.ncbi.nlm.nih.gov/sites/books/NBK519059/,"StatPearls describes mirtazapine as blocking presynaptic alpha-2 receptors and antagonising 5-HT2, 5-HT3 and H1 receptors. The source is a curated mechanism summary rather than a single receptor-specific functional assay.",2026-04-16
Mirtazapine,Alpha2-adrenoreceptor antagonist,H2,,,10000,,10000,False,4,5,,,2026-04-16
Mirtazapine,Alpha2-adrenoreceptor antagonist,H3,,,,83200,83200,False,4.92012332629072,4.07987667370928,,,2026-04-16
Mirtazapine,Alpha2-adrenoreceptor antagonist,H4,,,100000,,100000,False,5,4,,,2026-04-16
Mirtazapine,Alpha2-adrenoreceptor antagonist,VGSC,,,,6905,6905,False,3.83916368291465,5.16083631708535,,,2026-04-16
Mirtazapine,Alpha2-adrenoreceptor antagonist,VDCC,,,10000,,10000,False,4,5,,,2026-04-16
Nefazodone,SARI,DAT,,,,360,360,False,2.55630250076729,6.44369749923271,,,2026-04-16
Nefazodone,SARI,D2,,,,910,910,False,2.95904139232109,6.04095860767891,,,2026-04-16
Nefazodone,SARI,SERT,Inhibitor,Antagonist,200,459,302.985148150862,True,2.48142134060062,6.51857865939938,https://www.guidetopharmacology.org/GRAC/LigandDisplayForward?ligandId=7247,"Nefazodone is a serotonin antagonist/reuptake inhibitor, supporting SERT inhibition. The reviewed source was a curated ligand record rather than a single uptake assay entry.",2026-04-16
Nefazodone,SARI,5-HT1A,,,,80,80,False,1.90308998699194,7.09691001300806,,,2026-04-16
Nefazodone,SARI,5-HT2A,Antagonist,Antagonist,,26,26,False,1.41497334797082,7.58502665202918,https://www.guidetopharmacology.org/GRAC/LigandDisplayForward?ligandId=7247,"Nefazodone is a serotonin antagonist/reuptake inhibitor and is classically characterised by 5-HT2A/5-HT2C antagonism. The retrieved GtoPdb snippet was not assay-specific, so this assignment reflects curated mechanism-level pharmacology.",2026-04-16
Nefazodone,SARI,5-HT2C,Antagonist,Antagonist,,72,72,False,1.85733249643127,7.14266750356873,https://www.guidetopharmacology.org/GRAC/LigandDisplayForward?ligandId=7247,"Nefazodone is a serotonin antagonist/reuptake inhibitor and is classically characterised by 5-HT2A/5-HT2C antagonism. The retrieved GtoPdb snippet was not assay-specific, so this assignment reflects curated mechanism-level pharmacology.",2026-04-16
Nefazodone,SARI,NET,,,360,618,471.677856168805,True,2.67364548792805,6.32635451207195,,,2026-04-16
Nefazodone,SARI,α1,Antagonist,Antagonist,5.5,48,16.2480768092719,True,1.21080196343492,7.78919803656508,https://www.guidetopharmacology.org/GRAC/LigandDisplayForward?ligandId=7247,Nefazodone has recognised antihistamine and alpha-1 antiadrenergic effects in standard pharmacology sources. The GtoPdb snippet reviewed did not provide subtype-specific assay detail.,2026-04-16
Nefazodone,SARI,α1A,Antagonist,Antagonist,,48,48,False,1.68124123737559,7.31875876262441,https://www.guidetopharmacology.org/GRAC/LigandDisplayForward?ligandId=7247,Nefazodone has recognised antihistamine and alpha-1 antiadrenergic effects in standard pharmacology sources. The GtoPdb snippet reviewed did not provide subtype-specific assay detail.,2026-04-16
Nefazodone,SARI,α2,,,84,640,231.862027939031,True,2.36522963002288,6.63477036997712,,,2026-04-16
Nefazodone,SARI,β,,,10000,,10000,False,4,5,,,2026-04-16
Nefazodone,SARI,mACh,,,10000,,10000,False,4,5,,,2026-04-16
Nefazodone,SARI,H1,Antagonist,Antagonist,370,,370,False,2.568201724067,6.43179827593301,https://www.guidetopharmacology.org/GRAC/LigandDisplayForward?ligandId=7247,Nefazodone has recognised antihistamine and alpha-1 antiadrenergic effects in standard pharmacology sources. The GtoPdb snippet reviewed did not provide subtype-specific assay detail.,2026-04-16
Reboxetine,sNRI,DAT,,,10000,,10000,False,4,5,,,2026-04-16
Reboxetine,sNRI,D2,,,10000,,10000,False,4,5,,,2026-04-16
Reboxetine,sNRI,D3,,,10000,,10000,False,4,5,,,2026-04-16
Reboxetine,sNRI,SERT,Inhibitor,Antagonist,,273.5,273.5,False,2.43695733066945,6.56304266933055,https://www.guidetopharmacology.org/GRAC/LigandDisplayForward?ligandId=4808&tab=clinical,GtoPdb summary notes reboxetine is about 20-fold selective for NET over SERT and that some serotonin uptake inhibition is observed at therapeutic doses. This row is therefore labelled Inhibitor for SERT with lower confidence than the NET assignment.,2026-04-16
Reboxetine,sNRI,5-HT1A,,,10000,,10000,False,4,5,,,2026-04-16
Reboxetine,sNRI,5-HT1D,,,10000,,10000,False,4,5,,,2026-04-16
Reboxetine,sNRI,5-HT2A,,,10000,,10000,False,4,5,,,2026-04-16
Reboxetine,sNRI,5-HT2C,,,,457,457,False,2.65991620006985,6.34008379993015,,,2026-04-16
Reboxetine,sNRI,NET,Inhibitor,Antagonist,,13.4,13.4,False,1.12710479836481,7.87289520163519,https://www.guidetopharmacology.org/GRAC/LigandDisplayForward?ligandId=4808&tab=clinical,"GtoPdb clinical summary states reboxetine selectively inhibits noradrenaline reuptake, supporting NET inhibition. The summary is curated mechanism text rather than a single uptake assay description.",2026-04-16
Reboxetine,sNRI,α1A,,,,11900,11900,False,4.07554696139253,4.92445303860747,,,2026-04-16
Reboxetine,sNRI,α2A,,,10000,,10000,False,4,5,,,2026-04-16
Reboxetine,sNRI,mACh,,,,6700,6700,False,3.82607480270083,5.17392519729917,,,2026-04-16
Lurasidone,Atypical antipsychotic,DAT,,,,1000,1000,False,3,6,,,2026-04-16
Lurasidone,Atypical antipsychotic,D1,,,,262,262,False,2.41830129131975,6.58169870868025,,,2026-04-16
Lurasidone,Atypical antipsychotic,D2,Antagonist,Antagonist,1.2,1.7,1.42828568570857,True,0.154815083712949,8.84518491628705,https://www.ncbi.nlm.nih.gov/books/NBK541057/,"StatPearls states lurasidone is a full antagonist at D2, 5-HT2A and 5-HT7 receptors and a partial agonist at 5-HT1A. The source is a mechanism summary rather than one displayed receptor assay.",2026-04-16
Lurasidone,Atypical antipsychotic,D3,,,,15.7,15.7,False,1.19589965240923,7.80410034759077,,,2026-04-16
Lurasidone,Atypical antipsychotic,D4,,,,10,10,False,1,8,,,2026-04-16
Lurasidone,Atypical antipsychotic,SERT,,,,1000,1000,False,3,6,,,2026-04-16
Lurasidone,Atypical antipsychotic,5-HT1A,Partial agonist,Agonist,,6.7,6.7,False,0.826074802700826,8.17392519729917,https://www.ncbi.nlm.nih.gov/books/NBK541057/,"StatPearls states lurasidone is a full antagonist at D2, 5-HT2A and 5-HT7 receptors and a partial agonist at 5-HT1A. The source is a mechanism summary rather than one displayed receptor assay.",2026-04-16
Lurasidone,Atypical antipsychotic,5-HT2A,Antagonist,Antagonist,0.5,2,1,True,0,9,https://www.ncbi.nlm.nih.gov/books/NBK541057/,"StatPearls states lurasidone is a full antagonist at D2, 5-HT2A and 5-HT7 receptors and a partial agonist at 5-HT1A. The source is a mechanism summary rather than one displayed receptor assay.",2026-04-16
Lurasidone,Atypical antipsychotic,5-HT2B,,,,24,24,False,1.38021124171161,7.61978875828839,,,2026-04-16
Lurasidone,Atypical antipsychotic,5-HT2C,,,,415,415,False,2.61804809671209,6.38195190328791,,,2026-04-16
Lurasidone,Atypical antipsychotic,5-HT3,,,,1000,1000,False,3,6,,,2026-04-16
Lurasidone,Atypical antipsychotic,5-HT4L,,,,1000,1000,False,3,6,,,2026-04-16
Lurasidone,Atypical antipsychotic,5-HT7,Antagonist,Antagonist,,0.5,0.5,False,-0.301029995663981,9.30102999566398,https://www.ncbi.nlm.nih.gov/books/NBK541057/,"StatPearls states lurasidone is a full antagonist at D2, 5-HT2A and 5-HT7 receptors and a partial agonist at 5-HT1A. The source is a mechanism summary rather than one displayed receptor assay.",2026-04-16
Lurasidone,Atypical antipsychotic,α1,,,,47.9,47.9,False,1.68033551341456,7.31966448658544,,,2026-04-16
Lurasidone,Atypical antipsychotic,α2A,,,,41,41,False,1.61278385671974,7.38721614328026,,,2026-04-16
Lurasidone,Atypical antipsychotic,α2C,,,,10.8,10.8,False,1.03342375548695,7.96657624451305,,,2026-04-16
Lurasidone,Atypical antipsychotic,β1,,,,1000,1000,False,3,6,,,2026-04-16
Lurasidone,Atypical antipsychotic,β2,,,,1000,1000,False,3,6,,,2026-04-16
Lurasidone,Atypical antipsychotic,M1,,,,1000,1000,False,3,6,,,2026-04-16
Lurasidone,Atypical antipsychotic,H1,,,,1000,1000,False,3,6,,,2026-04-16
Olanzapine,Atyical antipsychotic,D1,Antagonist,Antagonist,35,118,64.2650760522385,True,1.8079750258282,7.1920249741718,https://www.guidetopharmacology.org/GRAC/LigandDisplayForward?ligandId=47&tab=clinical,"GtoPdb clinical summary states olanzapine's antipsychotic effects arise from antagonism of dopamine D2 and 5-HT2A receptors, and the page notes affinity across histamine, alpha-adrenergic, dopamine and muscarinic receptor families. Other receptor assignments here reflect established antagonist pharmacology at those aminergic targets, but the retrieved snippet was not subtype-assay specific.",2026-04-16
Olanzapine,Atyical antipsychotic,D2,Antagonist,Antagonist,3,106,17.832554500127,True,1.25121355999222,7.74878644000778,https://www.guidetopharmacology.org/GRAC/LigandDisplayForward?ligandId=47&tab=clinical,"GtoPdb clinical summary states olanzapine's antipsychotic effects arise from antagonism of dopamine D2 and 5-HT2A receptors, and the page notes affinity across histamine, alpha-adrenergic, dopamine and muscarinic receptor families. Other receptor assignments here reflect established antagonist pharmacology at those aminergic targets, but the retrieved snippet was not subtype-assay specific.",2026-04-16
Olanzapine,Atyical antipsychotic,D3,Antagonist,Antagonist,7.8,91,26.642071991495,True,1.42556799750579,7.57443200249421,https://www.guidetopharmacology.org/GRAC/LigandDisplayForward?ligandId=47&tab=clinical,"GtoPdb clinical summary states olanzapine's antipsychotic effects arise from antagonism of dopamine D2 and 5-HT2A receptors, and the page notes affinity across histamine, alpha-adrenergic, dopamine and muscarinic receptor families. Other receptor assignments here reflect established antagonist pharmacology at those aminergic targets, but the retrieved snippet was not subtype-assay specific.",2026-04-16
Olanzapine,Atyical antipsychotic,D4,Antagonist,Antagonist,1.6,50,8.94427190999916,True,0.951544993495972,8.04845500650403,https://www.guidetopharmacology.org/GRAC/LigandDisplayForward?ligandId=47&tab=clinical,"GtoPdb clinical summary states olanzapine's antipsychotic effects arise from antagonism of dopamine D2 and 5-HT2A receptors, and the page notes affinity across histamine, alpha-adrenergic, dopamine and muscarinic receptor families. Other receptor assignments here reflect established antagonist pharmacology at those aminergic targets, but the retrieved snippet was not subtype-assay specific.",2026-04-16
Olanzapine,Atyical antipsychotic,SERT,,,,3676,3676,False,3.56537550271407,5.43462449728593,,,2026-04-16
Olanzapine,Atyical antipsychotic,5-HT1A,,,2063,2720,2368.83093529277,True,3.37453406600368,5.62546593399633,,,2026-04-16
Olanzapine,Atyical antipsychotic,5-HT1D,,,540,1582,924.272687035596,True,2.96580011949231,6.03419988050769,,,2026-04-16
Olanzapine,Atyical antipsychotic,5-HT1E,,,2010,2408,2200.01818174305,True,3.34242627000314,5.65757372999686,,,2026-04-16
Olanzapine,Atyical antipsychotic,5-HT1F,,,,310,310,False,2.49136169383427,6.50863830616573,,,2026-04-16
Olanzapine,Atyical antipsychotic,5-HT2A,Antagonist,Antagonist,1.32,24.2,5.65190233461266,True,0.752194648593141,8.24780535140686,https://www.guidetopharmacology.org/GRAC/LigandDisplayForward?ligandId=47&tab=clinical,"GtoPdb clinical summary states olanzapine's antipsychotic effects arise from antagonism of dopamine D2 and 5-HT2A receptors, and the page notes affinity across histamine, alpha-adrenergic, dopamine and muscarinic receptor families. Other receptor assignments here reflect established antagonist pharmacology at those aminergic targets, but the retrieved snippet was not subtype-assay specific.",2026-04-16
Olanzapine,Atyical antipsychotic,5-HT2B,,,11.8,12,11.8995798245148,True,1.07553162667688,7.92446837332312,,,2026-04-16
Olanzapine,Atyical antipsychotic,5-HT2C,Antagonist,Antagonist,6.4,29,13.6235090927411,True,1.13428898594142,7.86571101405858,https://www.guidetopharmacology.org/GRAC/LigandDisplayForward?ligandId=47&tab=clinical,"GtoPdb clinical summary states olanzapine's antipsychotic effects arise from antagonism of dopamine D2 and 5-HT2A receptors, and the page notes affinity across histamine, alpha-adrenergic, dopamine and muscarinic receptor families. Other receptor assignments here reflect established antagonist pharmacology at those aminergic targets, but the retrieved snippet was not subtype-assay specific.",2026-04-16
Olanzapine,Atyical antipsychotic,5-HT3,,,,202,202,False,2.30535136944662,6.69464863055338,,,2026-04-16
Olanzapine,Atyical antipsychotic,5-HT5A,,,,1212,1212,False,3.08350261983027,5.91649738016973,,,2026-04-16
Olanzapine,Atyical antipsychotic,5-HT6,Antagonist,Antagonist,6,42,15.8745078663875,True,1.20070027039077,7.79929972960923,https://www.guidetopharmacology.org/GRAC/LigandDisplayForward?ligandId=47&tab=clinical,"GtoPdb clinical summary states olanzapine's antipsychotic effects arise from antagonism of dopamine D2 and 5-HT2A receptors, and the page notes affinity across histamine, alpha-adrenergic, dopamine and muscarinic receptor families. Other receptor assignments here reflect established antagonist pharmacology at those aminergic targets, but the retrieved snippet was not subtype-assay specific.",2026-04-16
Olanzapine,Atyical antipsychotic,5-HT7,Antagonist,Antagonist,105,365,195.767719504519,True,2.29174108176321,6.70825891823679,https://www.guidetopharmacology.org/GRAC/LigandDisplayForward?ligandId=47&tab=clinical,"GtoPdb clinical summary states olanzapine's antipsychotic effects arise from antagonism of dopamine D2 and 5-HT2A receptors, and the page notes affinity across histamine, alpha-adrenergic, dopamine and muscarinic receptor families. Other receptor assignments here reflect established antagonist pharmacology at those aminergic targets, but the retrieved snippet was not subtype-assay specific.",2026-04-16
Olanzapine,Atyical antipsychotic,NET,,,,10000,10000,False,4,5,,,2026-04-16
Olanzapine,Atyical antipsychotic,α1A,Antagonist,Antagonist,109,115,111.95981421921,True,2.04906216914712,6.95093783085288,https://www.guidetopharmacology.org/GRAC/LigandDisplayForward?ligandId=47&tab=clinical,"GtoPdb clinical summary states olanzapine's antipsychotic effects arise from antagonism of dopamine D2 and 5-HT2A receptors, and the page notes affinity across histamine, alpha-adrenergic, dopamine and muscarinic receptor families. Other receptor assignments here reflect established antagonist pharmacology at those aminergic targets, but the retrieved snippet was not subtype-assay specific.",2026-04-16
Olanzapine,Atyical antipsychotic,α1B,Antagonist,Antagonist,,263,263,False,2.41995574848976,6.58004425151024,https://www.guidetopharmacology.org/GRAC/LigandDisplayForward?ligandId=47&tab=clinical,"GtoPdb clinical summary states olanzapine's antipsychotic effects arise from antagonism of dopamine D2 and 5-HT2A receptors, and the page notes affinity across histamine, alpha-adrenergic, dopamine and muscarinic receptor families. Other receptor assignments here reflect established antagonist pharmacology at those aminergic targets, but the retrieved snippet was not subtype-assay specific.",2026-04-16
Olanzapine,Atyical antipsychotic,α2A,Antagonist,Antagonist,192,470,300.399733688297,True,2.47769954331963,6.52230045668037,https://www.guidetopharmacology.org/GRAC/LigandDisplayForward?ligandId=47&tab=clinical,"GtoPdb clinical summary states olanzapine's antipsychotic effects arise from antagonism of dopamine D2 and 5-HT2A receptors, and the page notes affinity across histamine, alpha-adrenergic, dopamine and muscarinic receptor families. Other receptor assignments here reflect established antagonist pharmacology at those aminergic targets, but the retrieved snippet was not subtype-assay specific.",2026-04-16
Olanzapine,Atyical antipsychotic,α2B,Antagonist,Antagonist,82,180,121.4907403879,True,2.08454317874351,6.91545682125649,https://www.guidetopharmacology.org/GRAC/LigandDisplayForward?ligandId=47&tab=clinical,"GtoPdb clinical summary states olanzapine's antipsychotic effects arise from antagonism of dopamine D2 and 5-HT2A receptors, and the page notes affinity across histamine, alpha-adrenergic, dopamine and muscarinic receptor families. Other receptor assignments here reflect established antagonist pharmacology at those aminergic targets, but the retrieved snippet was not subtype-assay specific.",2026-04-16
Olanzapine,Atyical antipsychotic,α2C,Antagonist,Antagonist,29,210,78.0384520605067,True,1.89230864631644,7.10769135368356,https://www.guidetopharmacology.org/GRAC/LigandDisplayForward?ligandId=47&tab=clinical,"GtoPdb clinical summary states olanzapine's antipsychotic effects arise from antagonism of dopamine D2 and 5-HT2A receptors, and the page notes affinity across histamine, alpha-adrenergic, dopamine and muscarinic receptor families. Other receptor assignments here reflect established antagonist pharmacology at those aminergic targets, but the retrieved snippet was not subtype-assay specific.",2026-04-16
Olanzapine,Atyical antipsychotic,β1,,,,10000,10000,False,4,5,,,2026-04-16
Olanzapine,Atyical antipsychotic,β2,,,,10000,10000,False,4,5,,,2026-04-16
Olanzapine,Atyical antipsychotic,M1,Antagonist,Antagonist,2.5,73,13.5092560861063,True,1.13063143439625,7.86936856560375,https://www.guidetopharmacology.org/GRAC/LigandDisplayForward?ligandId=47&tab=clinical,"GtoPdb clinical summary states olanzapine's antipsychotic effects arise from antagonism of dopamine D2 and 5-HT2A receptors, and the page notes affinity across histamine, alpha-adrenergic, dopamine and muscarinic receptor families. Other receptor assignments here reflect established antagonist pharmacology at those aminergic targets, but the retrieved snippet was not subtype-assay specific.",2026-04-16
Olanzapine,Atyical antipsychotic,M2,Antagonist,Antagonist,48,622,172.788888531641,True,2.2375158110332,6.7624841889668,https://www.guidetopharmacology.org/GRAC/LigandDisplayForward?ligandId=47&tab=clinical,"GtoPdb clinical summary states olanzapine's antipsychotic effects arise from antagonism of dopamine D2 and 5-HT2A receptors, and the page notes affinity across histamine, alpha-adrenergic, dopamine and muscarinic receptor families. Other receptor assignments here reflect established antagonist pharmacology at those aminergic targets, but the retrieved snippet was not subtype-assay specific.",2026-04-16
Olanzapine,Atyical antipsychotic,M3,Antagonist,Antagonist,13,126,40.4722126896961,True,1.6071569487122,7.3928430512878,https://www.guidetopharmacology.org/GRAC/LigandDisplayForward?ligandId=47&tab=clinical,"GtoPdb clinical summary states olanzapine's antipsychotic effects arise from antagonism of dopamine D2 and 5-HT2A receptors, and the page notes affinity across histamine, alpha-adrenergic, dopamine and muscarinic receptor families. Other receptor assignments here reflect established antagonist pharmacology at those aminergic targets, but the retrieved snippet was not subtype-assay specific.",2026-04-16
Olanzapine,Atyical antipsychotic,M4,Antagonist,Antagonist,10,350,59.1607978309962,True,1.77203402217514,7.22796597782486,https://www.guidetopharmacology.org/GRAC/LigandDisplayForward?ligandId=47&tab=clinical,"GtoPdb clinical summary states olanzapine's antipsychotic effects arise from antagonism of dopamine D2 and 5-HT2A receptors, and the page notes affinity across histamine, alpha-adrenergic, dopamine and muscarinic receptor families. Other receptor assignments here reflect established antagonist pharmacology at those aminergic targets, but the retrieved snippet was not subtype-assay specific.",2026-04-16
Olanzapine,Atyical antipsychotic,M5,Antagonist,Antagonist,6,82,22.1810730128188,True,1.34598255138368,7.65401744861632,https://www.guidetopharmacology.org/GRAC/LigandDisplayForward?ligandId=47&tab=clinical,"GtoPdb clinical summary states olanzapine's antipsychotic effects arise from antagonism of dopamine D2 and 5-HT2A receptors, and the page notes affinity across histamine, alpha-adrenergic, dopamine and muscarinic receptor families. Other receptor assignments here reflect established antagonist pharmacology at those aminergic targets, but the retrieved snippet was not subtype-assay specific.",2026-04-16
Olanzapine,Atyical antipsychotic,H1,Antagonist,Antagonist,0.65,4.9,1.78465682975747,True,0.251554718335685,8.74844528166432,https://www.guidetopharmacology.org/GRAC/LigandDisplayForward?ligandId=47&tab=clinical,"GtoPdb clinical summary states olanzapine's antipsychotic effects arise from antagonism of dopamine D2 and 5-HT2A receptors, and the page notes affinity across histamine, alpha-adrenergic, dopamine and muscarinic receptor families. Other receptor assignments here reflect established antagonist pharmacology at those aminergic targets, but the retrieved snippet was not subtype-assay specific.",2026-04-16
Olanzapine,Atyical antipsychotic,H2,Antagonist,Antagonist,,44,44,False,1.64345267648619,7.35654732351381,https://www.guidetopharmacology.org/GRAC/LigandDisplayForward?ligandId=47&tab=clinical,"GtoPdb clinical summary states olanzapine's antipsychotic effects arise from antagonism of dopamine D2 and 5-HT2A receptors, and the page notes affinity across histamine, alpha-adrenergic, dopamine and muscarinic receptor families. Other receptor assignments here reflect established antagonist pharmacology at those aminergic targets, but the retrieved snippet was not subtype-assay specific.",2026-04-16
Olanzapine,Atyical antipsychotic,H3,Antagonist,Antagonist,,3713,3713,False,3.56972494922616,5.43027505077384,https://www.guidetopharmacology.org/GRAC/LigandDisplayForward?ligandId=47&tab=clinical,"GtoPdb clinical summary states olanzapine's antipsychotic effects arise from antagonism of dopamine D2 and 5-HT2A receptors, and the page notes affinity across histamine, alpha-adrenergic, dopamine and muscarinic receptor families. Other receptor assignments here reflect established antagonist pharmacology at those aminergic targets, but the retrieved snippet was not subtype-assay specific.",2026-04-16
Olanzapine,Atyical antipsychotic,H4,Antagonist,Antagonist,,10000,10000,False,4,5,https://www.guidetopharmacology.org/GRAC/LigandDisplayForward?ligandId=47&tab=clinical,"GtoPdb clinical summary states olanzapine's antipsychotic effects arise from antagonism of dopamine D2 and 5-HT2A receptors, and the page notes affinity across histamine, alpha-adrenergic, dopamine and muscarinic receptor families. Other receptor assignments here reflect established antagonist pharmacology at those aminergic targets, but the retrieved snippet was not subtype-assay specific.",2026-04-16
Olanzapine,Atyical antipsychotic,σ1,,,,5000,5000,False,3.69897000433602,5.30102999566398,,,2026-04-16
Olanzapine,Atyical antipsychotic,hERG,,,,6013,6013,False,3.7790912038455,5.2209087961545,,,2026-04-16
Olanzapine,Atyical antipsychotic,VGSC,,,,5000,5000,False,3.69897000433602,5.30102999566398,,,2026-04-16
Olanzapine,Atyical antipsychotic,VDCC,,,,10000,10000,False,4,5,,,2026-04-16
